считать что-либо высшей нравственной заповедью	etwas für das oberste moralische Gebot halten	als höchste ethische Pflicht ansehen	form::redewendung func::produktion topic::stärken_und_schwächen level::c2 source::erkundungen::c2::k3 card::chunk
давать кому-либо психологическую опору	jemandem psychischen Halt geben	seelisch stabilisieren	form::redewendung func::produktion topic::stärken_und_schwächen level::c2 source::erkundungen::c2::k3 card::chunk
стоять на первом месте	an erster Stelle stehen	höchste Priorität haben	form::redewendung func::produktion topic::stärken_und_schwächen level::c2 source::erkundungen::c2::k3 card::chunk
приукрашивать или искажать правду	die Wahrheit frisieren	eine Aussage beschönigen	form::redewendung func::produktion topic::stärken_und_schwächen level::c2 source::erkundungen::c2::k3 card::chunk
открыть кому-либо возможность сделать что-либо	jemandem die Möglichkeit eröffnen, etwas zu tun	eine neue Option schaffen	form::redewendung func::produktion topic::stärken_und_schwächen level::c2 source::erkundungen::c2::k3 card::chunk
избежать конфронтации без борьбы	einer Konfrontation kampflos ausweichen	einen Konflikt ohne Auseinandersetzung umgehen	form::redewendung func::produktion topic::stärken_und_schwächen level::c2 source::erkundungen::c2::k3 card::chunk
избавить кого-либо от огорчений	jemandem Kummer ersparen	jmdn. vor seelischem Schmerz bewahren	form::redewendung func::produktion topic::stärken_und_schwächen level::c2 source::erkundungen::c2::k3 card::chunk
остаться почти в полном одиночестве	ziemlich alleine dastehen	kaum noch Unterstützung haben	form::redewendung func::produktion topic::stärken_und_schwächen level::c2 source::erkundungen::c2::k3 card::chunk
выдвигать причины как предлог	Gründe vorschieben	die wahren Motive verbergen	form::redewendung func::produktion topic::stärken_und_schwächen level::c2 source::erkundungen::c2::k3 card::chunk
скрыть супружескую измену	einen Seitensprung verschweigen	eine Affäre nicht erwähnen	form::redewendung func::produktion topic::stärken_und_schwächen level::c2 source::erkundungen::c2::k3 card::chunk
злоупотребить чьим-либо доверием	jemandes Vertrauen missbrauchen	eine persönliche Bindung ausnutzen	form::redewendung func::produktion topic::stärken_und_schwächen level::c2 source::erkundungen::c2::k3 card::chunk
считать кого-либо способным на что-либо; ожидать от кого-либо	jemandem etwas zutrauen	an jmds. Fähigkeit glauben	form::redewendung func::produktion topic::stärken_und_schwächen level::c2 source::erkundungen::c2::k3 card::chunk
строить самооценку на иллюзиях	sein Selbstwertgefühl auf Illusionen aufbauen	das Selbstbild unrealistisch begründen	form::redewendung func::produktion topic::stärken_und_schwächen level::c2 source::erkundungen::c2::k3 card::chunk
создавать ложное представление о фактах	falsche Tatsachen vorspiegeln	eine unwahre Realität vortäuschen	form::redewendung func::produktion topic::stärken_und_schwächen level::c2 source::erkundungen::c2::k3 card::chunk
выступать в роли самозванца или мошенника	sich als Hochstapler betätigen	andere über die eigene Identität täuschen	form::redewendung func::produktion topic::stärken_und_schwächen level::c2 source::erkundungen::c2::k3 card::chunk
действовать хитро и изобретательно	sich raffiniert anstellen	sehr geschickt vorgehen	form::redewendung func::produktion topic::stärken_und_schwächen level::c2 source::erkundungen::c2::k3 card::chunk
поставить себя на место другого человека	sich in jemanden hineinversetzen	jmds. Perspektive einnehmen	form::redewendung func::produktion topic::stärken_und_schwächen level::c2 source::erkundungen::c2::k3 card::chunk
подсунуть кому-либо выдуманную историю; рассказать небылицу как правду	jemandem eine Geschichte auftischen	eine erfundene Darstellung erzählen	form::redewendung func::produktion topic::stärken_und_schwächen level::c2 source::erkundungen::c2::k3 card::chunk
стремиться сделать что-либо; иметь целью	darauf abzielen, etwas zu tun	einen bestimmten Zweck verfolgen	form::redewendung func::produktion topic::stärken_und_schwächen level::c2 source::erkundungen::c2::k3 card::chunk
быть солью жизни	das Salz des Lebens sein	das Dasein interessanter machen	form::redewendung func::produktion topic::stärken_und_schwächen level::c2 source::erkundungen::c2::k3 card::chunk
рассказывать кому-либо небылицы	jemandem Märchen erzählen	Unwahres berichten	form::redewendung func::produktion topic::stärken_und_schwächen level::c2 source::erkundungen::c2::k3 card::chunk
навешать кому-либо лапши на уши	jemandem einen Bären aufbinden	jmdn. mit einer Lüge täuschen	form::redewendung func::produktion topic::stärken_und_schwächen level::c2 source::erkundungen::c2::k3 card::chunk
разыграть кого-либо первого апреля	jemanden in den April schicken	einen Aprilscherz machen	form::redewendung func::produktion topic::stärken_und_schwächen level::c2 source::erkundungen::c2::k3 card::chunk
ввести кого-либо в заблуждение; выдать одно за другое	jemandem ein X für ein U vormachen	jmdn. offensichtlich täuschen	form::redewendung func::produktion topic::stärken_und_schwächen level::c2 source::erkundungen::c2::k3 card::chunk
нагло лгать кому-либо без меры	jemandem die Hucke volllügen	jmdn. massiv belügen	form::redewendung func::produktion topic::stärken_und_schwächen level::c2 source::erkundungen::c2::k3 card::chunk
обманывать самого себя; выдавать желаемое за действительное	sich in die eigene Tasche lügen	sich selbst etwas vormachen	form::redewendung func::produktion topic::stärken_und_schwächen level::c2 source::erkundungen::c2::k3 card::chunk
лгать безбожно, так что балки гнутся	lügen, dass sich die Balken biegen	äußerst dreist Unwahres sagen	form::redewendung func::produktion topic::stärken_und_schwächen level::c2 source::erkundungen::c2::k3 card::chunk
лгать с три короба; выдумывать что угодно	das Blaue vom Himmel herunterlügen	völlig hemmungslos Unwahres erzählen	form::redewendung func::produktion topic::stärken_und_schwächen level::c2 source::erkundungen::c2::k3 card::chunk
снизить внутренний барьер перед ложью	die Hemmschwelle zum Lügen herabsetzen	das moralische Zögern vermindern	form::redewendung func::produktion topic::stärken_und_schwächen level::c2 source::erkundungen::c2::k3 card::chunk
быть склонным ко лжи	zum Lügen neigen	eine entsprechende Tendenz haben	form::redewendung func::produktion topic::stärken_und_schwächen level::c2 source::erkundungen::c2::k3 card::chunk
подстрекать кого-либо к жульничеству	jemanden zum Schummeln anstacheln	jmdn. zum Betrug motivieren	form::redewendung func::produktion topic::stärken_und_schwächen level::c2 source::erkundungen::c2::k3 card::chunk
влиять на обращение с правдой	sich auf den Umgang mit der Wahrheit auswirken	einen Einfluss auf ehrliches Verhalten haben	form::redewendung func::produktion topic::stärken_und_schwächen level::c2 source::erkundungen::c2::k3 card::chunk
сомневаться в правильности своих поступков	an der Richtigkeit seiner Handlungen zweifeln	das eigene Tun infrage stellen	form::redewendung func::produktion topic::stärken_und_schwächen level::c2 source::erkundungen::c2::k3 card::chunk
потерять почти всякую надежду	fast alle Hoffnung verlieren	kaum noch Zuversicht haben	form::redewendung func::produktion topic::stärken_und_schwächen level::c2 source::erkundungen::c2::k3 card::chunk
подбодрить кого-либо; вселить мужество	jemandem Mut machen	jmdn. ermuntern	form::redewendung func::produktion topic::stärken_und_schwächen level::c2 source::erkundungen::c2::k3 card::chunk
иметь силы сопротивляться	die Kraft haben zu widerstehen	genug innere Stärke besitzen	form::redewendung func::produktion topic::stärken_und_schwächen level::c2 source::erkundungen::c2::k3 card::chunk
принять жёсткие меры	hart durchgreifen	entschlossen Sanktionen anwenden	form::redewendung func::produktion topic::stärken_und_schwächen level::c2 source::erkundungen::c2::k3 card::chunk
подавить что-либо в зародыше	etwas im Keim ersticken	eine Entwicklung sofort stoppen	form::redewendung func::produktion topic::stärken_und_schwächen level::c2 source::erkundungen::c2::k3 card::chunk
подходить для чего-либо; рассматриваться как вариант	für etwas in Frage kommen	als Möglichkeit geeignet sein	form::redewendung func::produktion topic::stärken_und_schwächen level::c2 source::erkundungen::c2::k3 card::chunk
создать впечатление, что…	den Eindruck erwecken, dass ...	nach außen so wirken	form::redewendung func::produktion topic::stärken_und_schwächen level::c2 source::erkundungen::c2::k3 card::chunk
инициатива исходит от кого-либо	eine Initiative geht von jemandem aus	jmd. hat etwas angestoßen	form::redewendung func::produktion topic::stärken_und_schwächen level::c2 source::erkundungen::c2::k3 card::chunk
возглавлять список	eine Liste anführen	auf Rang eins stehen	form::redewendung func::produktion topic::stärken_und_schwächen level::c2 source::erkundungen::c2::k3 card::chunk
иметь первостепенное значение	von größter Bedeutung sein	besonders wichtig sein	form::redewendung func::produktion topic::stärken_und_schwächen level::c2 source::erkundungen::c2::k3 card::chunk
пользоваться особым спросом	besonders gefragt sein	stark gesucht werden	form::redewendung func::produktion topic::stärken_und_schwächen level::c2 source::erkundungen::c2::k3 card::chunk
успешно проявить себя на собеседовании	in einem Vorstellungsgespräch punkten	einen positiven Eindruck machen	form::redewendung func::produktion topic::stärken_und_schwächen level::c2 source::erkundungen::c2::k3 card::chunk
не прийти к согласию относительно чего-либо	sich über etwas nicht einig sein	unterschiedliche Ansichten haben	form::redewendung func::produktion topic::stärken_und_schwächen level::c2 source::erkundungen::c2::k3 card::chunk
проверить соответствие кандидата среде компании	einen Milieucheck vornehmen	die soziale Passung prüfen	form::redewendung func::produktion topic::stärken_und_schwächen level::c2 source::erkundungen::c2::k3 card::chunk
соответствовать компании	zu einem Unternehmen passen	kulturell geeignet sein	form::redewendung func::produktion topic::stärken_und_schwächen level::c2 source::erkundungen::c2::k3 card::chunk
реалистично оценивать себя	sich selbst realistisch einschätzen	die eigenen Fähigkeiten sachlich beurteilen	form::redewendung func::produktion topic::stärken_und_schwächen level::c2 source::erkundungen::c2::k3 card::chunk
кратко изложить важнейшие факты	die wichtigsten Fakten knapp zusammenfassen	das Wesentliche präzise wiedergeben	form::redewendung func::produktion topic::stärken_und_schwächen level::c2 source::erkundungen::c2::k3 card::chunk
считать себя мастером на все руки	sich für einen Alleskönner halten	die eigenen Fähigkeiten überschätzen	form::redewendung func::produktion topic::stärken_und_schwächen level::c2 source::erkundungen::c2::k3 card::chunk
отвечать одними пустыми фразами	nur mit Worthülsen antworten	inhaltslose Formulierungen verwenden	form::redewendung func::produktion topic::stärken_und_schwächen level::c2 source::erkundungen::c2::k3 card::chunk
быть неотъемлемой частью чего-либо	fester Bestandteil von etwas sein	untrennbar dazugehören	form::redewendung func::produktion topic::stärken_und_schwächen level::c2 source::erkundungen::c2::k3 card::chunk
не позволить вопросу вывести себя из равновесия	sich durch eine Frage nicht aus der Ruhe bringen lassen	gelassen bleiben	form::redewendung func::produktion topic::stärken_und_schwächen level::c2 source::erkundungen::c2::k3 card::chunk
обладать необходимыми способностями	die richtigen Fähigkeiten mitbringen	geeignete Kompetenzen besitzen	form::redewendung func::produktion topic::stärken_und_schwächen level::c2 source::erkundungen::c2::k3 card::chunk
связать свой опыт с предъявляемыми требованиями	Erfahrungen mit Anforderungen verknüpfen	die eigene Praxis passend darstellen	form::redewendung func::produktion topic::stärken_und_schwächen level::c2 source::erkundungen::c2::k3 card::chunk
выразить интерес к повышению квалификации	Interesse an einer Weiterbildung bekunden	Lernbereitschaft offiziell äußern	form::redewendung func::produktion topic::stärken_und_schwächen level::c2 source::erkundungen::c2::k3 card::chunk
предъявлять кому-либо высокие требования	hohe Anforderungen an jemanden stellen	viel von jmdm. erwarten	form::redewendung func::produktion topic::stärken_und_schwächen level::c2 source::erkundungen::c2::k3 card::chunk
быть склонным к стремлению всегда доказать свою правоту	zu Rechthaberei neigen	oft besserwisserisch sein	form::redewendung func::produktion topic::stärken_und_schwächen level::c2 source::erkundungen::c2::k3 card::chunk
подвергать кого-либо критике	Kritik an jemandem üben	jmds. Verhalten negativ beurteilen	form::redewendung func::produktion topic::stärken_und_schwächen level::c2 source::erkundungen::c2::k3 card::chunk
подвергать себя длительной нагрузке	sich einer dauerhaften Belastung aussetzen	lange unter Druck stehen	form::redewendung func::produktion topic::stärken_und_schwächen level::c2 source::erkundungen::c2::k3 card::chunk
показывать определённый результат; выполнять работу	eine Leistung erbringen	ein Arbeitsergebnis liefern	form::redewendung func::produktion topic::stärken_und_schwächen level::c2 source::erkundungen::c2::k3 card::chunk
предпринимать большие усилия	große Anstrengungen unternehmen	sich intensiv bemühen	form::redewendung func::produktion topic::stärken_und_schwächen level::c2 source::erkundungen::c2::k3 card::chunk
заслужить похвалу	Lob ernten	Anerkennung erhalten	form::redewendung func::produktion topic::stärken_und_schwächen level::c2 source::erkundungen::c2::k3 card::chunk
привести к разочарованию	zu Frustration führen	Enttäuschung verursachen	form::redewendung func::produktion topic::stärken_und_schwächen level::c2 source::erkundungen::c2::k3 card::chunk
внести вклад в усиление давления	einen Beitrag zur Verschärfung des Drucks leisten	die Belastung mit verstärken	form::redewendung func::produktion topic::stärken_und_schwächen level::c2 source::erkundungen::c2::k3 card::chunk
к кому-либо начинают предъявлять более высокие требования	es kommt zu höheren Erwartungen an jemanden	die Ansprüche steigen	form::redewendung func::produktion topic::stärken_und_schwächen level::c2 source::erkundungen::c2::k3 card::chunk
повлечь за собой негативные последствия	etwas zieht negative Folgen nach sich	unerwünschte Konsequenzen verursachen	form::redewendung func::produktion topic::stärken_und_schwächen level::c2 source::erkundungen::c2::k3 card::chunk
кому-либо трудно принять решение	jemandem fällt eine Entscheidung schwer	jmd. kann sich kaum entscheiden	form::redewendung func::produktion topic::stärken_und_schwächen level::c2 source::erkundungen::c2::k3 card::chunk
выдвинуть теорию	eine Theorie aufstellen	eine wissenschaftliche Erklärung formulieren	form::redewendung func::produktion topic::stärken_und_schwächen level::c2 source::erkundungen::c2::k3 card::chunk
устроить постоянный хаос	ein permanentes Chaos anrichten	fortlaufend Unordnung verursachen	form::redewendung func::produktion topic::stärken_und_schwächen level::c2 source::erkundungen::c2::k3 card::chunk
быть следствием непреодолимой силы	auf höhere Gewalt zurückzuführen sein	außerhalb menschlicher Kontrolle liegen	form::redewendung func::produktion topic::stärken_und_schwächen level::c2 source::erkundungen::c2::k3 card::chunk
в вопросах самоконтроля	in puncto Selbstkontrolle	was diesen Bereich betrifft	form::redewendung func::produktion topic::stärken_und_schwächen level::c2 source::erkundungen::c2::k3 card::chunk
разумно использовать власть	Macht sinnvoll einsetzen	Einfluss verantwortungsvoll nutzen	form::redewendung func::produktion topic::stärken_und_schwächen level::c2 source::erkundungen::c2::k3 card::chunk
противостоять злоупотреблению властью	Machtmissbrauch widerstehen	sich nicht korrumpieren lassen	form::redewendung func::produktion topic::stärken_und_schwächen level::c2 source::erkundungen::c2::k3 card::chunk
использовать власть в собственных интересах	Macht zum eigenen Vorteil einsetzen	die Position eigennützig nutzen	form::redewendung func::produktion topic::stärken_und_schwächen level::c2 source::erkundungen::c2::k3 card::chunk
сознательно бороться против чего-либо	bewusst gegen etwas ankämpfen	gezielt Widerstand leisten	form::redewendung func::produktion topic::stärken_und_schwächen level::c2 source::erkundungen::c2::k3 card::chunk
сделать карьеру	Karriere machen	beruflich aufsteigen	form::redewendung func::produktion topic::stärken_und_schwächen level::c2 source::erkundungen::c2::k3 card::chunk
восприниматься как злонамеренная попытка дискредитировать кого-либо	als böswilliger Versuch einer Demontage empfunden werden	Kritik als persönlichen Angriff deuten	form::redewendung func::produktion topic::stärken_und_schwächen level::c2 source::erkundungen::c2::k3 card::chunk
устранить конкурента нечестным или жёстким способом	einen Konkurrenten absägen	jmdn. aus seiner Position drängen	form::redewendung func::produktion topic::stärken_und_schwächen level::c2 source::erkundungen::c2::k3 card::chunk
всё больше отгораживаться от кого-либо	sich zunehmend von jemandem abgrenzen	größere soziale Distanz schaffen	form::redewendung func::produktion topic::stärken_und_schwächen level::c2 source::erkundungen::c2::k3 card::chunk
причислять к внутреннему кругу	zum inneren Zirkel zählen	zu den engsten Vertrauten rechnen	form::redewendung func::produktion topic::stärken_und_schwächen level::c2 source::erkundungen::c2::k3 card::chunk
носить патологические черты	pathologische Züge tragen	krankhafte Merkmale zeigen	form::redewendung func::produktion topic::stärken_und_schwächen level::c2 source::erkundungen::c2::k3 card::chunk
не видеть ничего предосудительного в чём-либо	nichts Verwerfliches in etwas sehen	etwas moralisch akzeptabel finden	form::redewendung func::produktion topic::stärken_und_schwächen level::c2 source::erkundungen::c2::k3 card::chunk
выходить за пределы собственных возможностей; быть не по силам одному	über die eigene Kraft hinausreichen	allein nicht zu bewältigen sein	form::redewendung func::produktion topic::stärken_und_schwächen level::c2 source::erkundungen::c2::k3 card::chunk
лёгкая форма нарциссизма	eine milde Form von Narzissmus	eine begrenzte Selbstbezogenheit	form::redewendung func::produktion topic::stärken_und_schwächen level::c2 source::erkundungen::c2::k3 card::chunk
взять верх; чрезмерно усилиться	überhandnehmen	das normale Maß überschreiten	form::redewendung func::produktion topic::stärken_und_schwächen level::c2 source::erkundungen::c2::k3 card::chunk
вскружить кому-либо голову, например властью или успехом	jemandem zu Kopf steigen	jmdn. überheblich machen	form::redewendung func::produktion topic::stärken_und_schwächen level::c2 source::erkundungen::c2::k3 card::chunk
двигать компанию вперёд	ein Unternehmen voranbringen	die Organisation weiterentwickeln	form::redewendung func::produktion topic::stärken_und_schwächen level::c2 source::erkundungen::c2::k3 card::chunk
сохранять критическую дистанцию по отношению к самому себе	Distanz zur eigenen Person wahren	sich selbst kritisch betrachten	form::redewendung func::produktion topic::stärken_und_schwächen level::c2 source::erkundungen::c2::k3 card::chunk
прийти к противоречащим друг другу результатам	zu sich widersprechenden Ergebnissen kommen	uneinheitliche Befunde erhalten	form::redewendung func::produktion topic::stärken_und_schwächen level::c2 source::erkundungen::c2::k3 card::chunk
успешно осуществить серьёзные изменения	gravierende Änderungen erfolgreich umsetzen	wichtige Reformen verwirklichen	form::redewendung func::produktion topic::stärken_und_schwächen level::c2 source::erkundungen::c2::k3 card::chunk
не продвигаться по карьерной лестнице	beruflich nicht weiterkommen	keinen Aufstieg erreichen	form::redewendung func::produktion topic::stärken_und_schwächen level::c2 source::erkundungen::c2::k3 card::chunk
Карьерный рост застопорился.	Der berufliche Aufstieg stagniert.	die Karriere entwickelt sich nicht weiter	form::redewendung func::produktion topic::stärken_und_schwächen level::c2 source::erkundungen::c2::k3 card::chunk
видеть причину чего-либо в чём-либо	den Grund für etwas in etwas sehen	dort die Ursache erkennen	form::redewendung func::produktion topic::stärken_und_schwächen level::c2 source::erkundungen::c2::k3 card::chunk
владеть стратегиями внутрикорпоративной политики	mikropolitische Strategien beherrschen	informelle Einflussmethoden können	form::redewendung func::produktion topic::stärken_und_schwächen level::c2 source::erkundungen::c2::k3 card::chunk
создавать прочные, устойчивые коалиции	tragfähige Koalitionen bilden	stabile Bündnisse aufbauen	form::redewendung func::produktion topic::stärken_und_schwächen level::c2 source::erkundungen::c2::k3 card::chunk
оказывать психологическое давление	psychologischen Druck ausüben	andere mental beeinflussen	form::redewendung func::produktion topic::stärken_und_schwächen level::c2 source::erkundungen::c2::k3 card::chunk
запугивать потенциальных конкурентов	potenzielle Konkurrenten einschüchtern	mögliche Rivalen verunsichern	form::redewendung func::produktion topic::stärken_und_schwächen level::c2 source::erkundungen::c2::k3 card::chunk
пробить себе путь наверх	sich den Weg nach oben erkämpfen	den Aufstieg hart erringen	form::redewendung func::produktion topic::stärken_und_schwächen level::c2 source::erkundungen::c2::k3 card::chunk
перестать сосредоточиваться исключительно на чём-либо	sich von der Konzentration auf etwas lösen	den Fokus erweitern	form::redewendung func::produktion topic::stärken_und_schwächen level::c2 source::erkundungen::c2::k3 card::chunk
умело подать себя	sich klug in Szene setzen	die eigene Person geschickt präsentieren	form::redewendung func::produktion topic::stärken_und_schwächen level::c2 source::erkundungen::c2::k3 card::chunk
заключать полезные союзы	nützliche Allianzen schmieden	strategische Bündnisse aufbauen	form::redewendung func::produktion topic::stärken_und_schwächen level::c2 source::erkundungen::c2::k3 card::chunk
заработать себе отличную репутацию	sich einen ausgezeichneten Ruf erarbeiten	durch Leistung hohes Ansehen gewinnen	form::redewendung func::produktion topic::stärken_und_schwächen level::c2 source::erkundungen::c2::k3 card::chunk
быть глубоко укоренённым в определённой культуре	tief in einer Kultur verwurzelt sein	stark kulturell geprägt sein	form::redewendung func::produktion topic::stärken_und_schwächen level::c2 source::erkundungen::c2::k3 card::chunk
олицетворять традиции и новаторский дух	für Tradition und Pioniergeist stehen	diese Werte verkörpern	form::redewendung func::produktion topic::stärken_und_schwächen level::c2 source::erkundungen::c2::k3 card::chunk
соответствовать возложенной ответственности	einer Verantwortung gerecht werden	die Pflichten angemessen erfüllen	form::redewendung func::produktion topic::stärken_und_schwächen level::c2 source::erkundungen::c2::k3 card::chunk
ступить на неизведанную территорию	Neuland betreten	etwas völlig Neues beginnen	form::redewendung func::produktion topic::stärken_und_schwächen level::c2 source::erkundungen::c2::k3 card::chunk
пробудить чей-либо интерес	jemandes Interesse wecken	jmdn. neugierig machen	form::redewendung func::produktion topic::stärken_und_schwächen level::c2 source::erkundungen::c2::k3 card::chunk
стратегический выбор дальнейшего курса	eine strategische Weichenstellung	eine richtungsweisende Entscheidung	form::redewendung func::produktion topic::stärken_und_schwächen level::c2 source::erkundungen::c2::k3 card::chunk
испытывать зависть к чему-либо	auf etwas neidisch sein	jmdm. etwas missgönnen	form::redewendung func::produktion topic::stärken_und_schwächen level::c2 source::erkundungen::c2::k3 card::chunk
повсюду хвастаться чем-либо; выставлять напоказ	mit etwas hausieren gehen	etwas überall demonstrieren	form::redewendung func::produktion topic::stärken_und_schwächen level::c2 source::erkundungen::c2::k3 card::chunk
идти от чистого сердца	von Herzen kommen	aufrichtig gemeint sein	form::redewendung func::produktion topic::stärken_und_schwächen level::c2 source::erkundungen::c2::k3 card::chunk
укреплять социальные отношения	soziale Beziehungen festigen	zwischenmenschliche Bindungen stärken	form::redewendung func::produktion topic::stärken_und_schwächen level::c2 source::erkundungen::c2::k3 card::chunk
годами стоять перед необходимостью принять решение	jahrelang vor einer Entscheidung stehen	sich lange entscheiden müssen	form::redewendung func::produktion topic::stärken_und_schwächen level::c2 source::erkundungen::c2::k3 card::chunk
отложить решение на более поздний срок	eine Entscheidung nach hinten verschieben	später darüber entscheiden	form::redewendung func::produktion topic::stärken_und_schwächen level::c2 source::erkundungen::c2::k3 card::chunk
угрожать самооценке	für die Selbstbewertung bedrohlich sein	das eigene Bild gefährden	form::redewendung func::produktion topic::stärken_und_schwächen level::c2 source::erkundungen::c2::k3 card::chunk
быть в ясном уме и полной интеллектуальной форме	geistig auf der Höhe sein	klar und konzentriert denken	form::redewendung func::produktion topic::stärken_und_schwächen level::c2 source::erkundungen::c2::k3 card::chunk
мысленно скорректировать что-либо задним числом	etwas im Nachhinein gedanklich korrigieren	später mental berichtigen	form::redewendung func::produktion topic::stärken_und_schwächen level::c2 source::erkundungen::c2::k3 card::chunk
эмпирически обосновать что-либо	etwas empirisch untermauern	durch Daten stützen	form::redewendung func::produktion topic::stärken_und_schwächen level::c2 source::erkundungen::c2::k3 card::chunk
добиться чего-либо собственными силами	etwas durch eigene Kraft erlangen	ohne fremde Hilfe erreichen	form::redewendung func::produktion topic::stärken_und_schwächen level::c2 source::erkundungen::c2::k3 card::chunk
приступ зависти; лёгкое чувство зависти	ein Anflug von Neid	ein kurz aufkommendes Gefühl	form::redewendung func::produktion topic::stärken_und_schwächen level::c2 source::erkundungen::c2::k3 card::chunk
установить связь с темой	einen Themenbezug herstellen	die Verbindung zum Gegenstand zeigen	form::redewendung func::produktion topic::stärken_und_schwächen level::c2 source::erkundungen::c2::k3 card::chunk
изложить текущий уровень знаний	den Wissensstand referieren	bisherige Erkenntnisse wiedergeben	form::redewendung func::produktion topic::stärken_und_schwächen level::c2 source::erkundungen::c2::k3 card::chunk
включить что-либо в свои размышления	etwas in seine Überlegungen einbeziehen	bei der Argumentation berücksichtigen	form::redewendung func::produktion topic::stärken_und_schwächen level::c2 source::erkundungen::c2::k3 card::chunk
по аналогии с чем-либо; опираясь на что-либо	in Anlehnung an etwas	nach einem Vorbild	form::redewendung func::produktion topic::stärken_und_schwächen level::c2 source::erkundungen::c2::k3 card::chunk
Из этого следует, что…	Daraus ergibt sich, dass ...	eine logische Folge formulieren	form::redewendung func::produktion topic::stärken_und_schwächen level::c2 source::erkundungen::c2::k3 card::chunk
иметь решающее значение для кого-либо	für jemanden ausschlaggebend sein	die Entscheidung bestimmen	form::redewendung func::produktion topic::stärken_und_schwächen level::c2 source::erkundungen::c2::k3 card::chunk
привести контраргумент	ein Gegenargument anführen	einen Einwand nennen	form::redewendung func::produktion topic::stärken_und_schwächen level::c2 source::erkundungen::c2::k3 card::chunk
особо подчеркнуть аспект или точку зрения	einen Gesichtspunkt hervorheben	einen Aspekt betonen	form::redewendung func::produktion topic::stärken_und_schwächen level::c2 source::erkundungen::c2::k3 card::chunk
сделать вывод	eine Schlussfolgerung ziehen	abschließend folgern	form::redewendung func::produktion topic::stärken_und_schwächen level::c2 source::erkundungen::c2::k3 card::chunk
вести себя, не считаясь с другими	sich rücksichtslos gegenüber anderen verhalten	keine Rücksicht nehmen	form::redewendung func::produktion topic::stärken_und_schwächen level::c2 source::erkundungen::c2::k3 card::chunk
пользоваться особой популярностью	sich besonderer Beliebtheit erfreuen	sehr beliebt sein	form::redewendung func::produktion topic::stärken_und_schwächen level::c2 source::erkundungen::c2::k3 card::chunk
считать кого-либо эгоистичным одиночкой	jemanden für einen egoistischen Einzelgänger halten	jmdn. als unsozial ansehen	form::redewendung func::produktion topic::stärken_und_schwächen level::c2 source::erkundungen::c2::k3 card::chunk
подчинить собственное благо благу общества	das eigene Wohl dem Wohl der Gemeinschaft unterordnen	das Kollektiv voranstellen	form::redewendung func::produktion topic::stärken_und_schwächen level::c2 source::erkundungen::c2::k3 card::chunk
извлекать пользу из своей хорошей репутации	von seinem guten Ruf profitieren	Ansehen zum Vorteil nutzen	form::redewendung func::produktion topic::stärken_und_schwächen level::c2 source::erkundungen::c2::k3 card::chunk
самоотверженно помогать членам группы	sich selbstlos für Gruppenmitglieder einsetzen	ohne Eigennutz helfen	form::redewendung func::produktion topic::stärken_und_schwächen level::c2 source::erkundungen::c2::k3 card::chunk
обеспечить дальнейшее существование сообщества	den Fortbestand einer Gemeinschaft gewährleisten	das Weiterbestehen sichern	form::redewendung func::produktion topic::stärken_und_schwächen level::c2 source::erkundungen::c2::k3 card::chunk
испортить кому-либо хорошее настроение	jemandem die gute Laune vermiesen	jmds. Stimmung verderben	form::redewendung func::produktion topic::stärken_und_schwächen level::c2 source::erkundungen::c2::k3 card::chunk
стремиться к удовлетворённости и счастью	nach Zufriedenheit und Glück streben	diese Zustände erreichen wollen	form::redewendung func::produktion topic::stärken_und_schwächen level::c2 source::erkundungen::c2::k3 card::chunk
сомневаться в прежней теории	an einer bisherigen Theorie zweifeln	eine geltende Erklärung infrage stellen	form::redewendung func::produktion topic::stärken_und_schwächen level::c2 source::erkundungen::c2::k3 card::chunk
способствовать развитию аналитического мышления	zur Förderung des analytischen Denkens beitragen	diese Fähigkeit unterstützen	form::redewendung func::produktion topic::stärken_und_schwächen level::c2 source::erkundungen::c2::k3 card::chunk
приспосабливаться к непредвиденным обстоятельствам	sich unvorhergesehenen Umständen anpassen	flexibel auf Überraschungen reagieren	form::redewendung func::produktion topic::stärken_und_schwächen level::c2 source::erkundungen::c2::k3 card::chunk
отклониться от заранее подготовленного сценария	von einem vorbereiteten Drehbuch abweichen	nicht nach Plan handeln	form::redewendung func::produktion topic::stärken_und_schwächen level::c2 source::erkundungen::c2::k3 card::chunk
доверять стереотипам	Klischees vertrauen	pauschale Vorstellungen für richtig halten	form::redewendung func::produktion topic::stärken_und_schwächen level::c2 source::erkundungen::c2::k3 card::chunk
уделять внимание своему окружению	sich um seine Umwelt kümmern	äußere Bedingungen beachten	form::redewendung func::produktion topic::stärken_und_schwächen level::c2 source::erkundungen::c2::k3 card::chunk
быть склонным к скептицизму	zu Skeptizismus neigen	eher kritisch urteilen	form::redewendung func::produktion topic::stärken_und_schwächen level::c2 source::erkundungen::c2::k3 card::chunk
относиться к кратковременному унынию	sich auf kurzzeitigen Trübsinn beziehen	nur vorübergehende schlechte Stimmung betreffen	form::redewendung func::produktion topic::stärken_und_schwächen level::c2 source::erkundungen::c2::k3 card::chunk
искать кого-либо; находиться в поиске	auf der Suche nach jemandem sein	jmdn. finden wollen	form::redewendung func::produktion topic::stärken_und_schwächen level::c2 source::erkundungen::c2::k3 card::chunk
провести предварительный отбор	eine Vorauswahl treffen	Kandidaten vorab auswählen	form::redewendung func::produktion topic::stärken_und_schwächen level::c2 source::erkundungen::c2::k3 card::chunk
доказать свою пригодность на деле	seine Eignung unter Beweis stellen	zeigen, dass man geeignet ist	form::redewendung func::produktion topic::stärken_und_schwächen level::c2 source::erkundungen::c2::k3 card::chunk
быть принятым во внимание	Berücksichtigung finden	beachtet werden	form::redewendung func::produktion topic::stärken_und_schwächen level::c2 source::erkundungen::c2::k3 card::chunk
сослаться на что-либо; обратиться к чему-либо	auf etwas Bezug nehmen	sich inhaltlich darauf beziehen	form::redewendung func::produktion topic::stärken_und_schwächen level::c2 source::erkundungen::c2::k3 card::chunk
разработать решение	eine Lösung erarbeiten	einen Ausweg entwickeln	form::redewendung func::produktion topic::stärken_und_schwächen level::c2 source::erkundungen::c2::k3 card::chunk
принять решение	eine Entscheidung treffen	sich verbindlich festlegen	form::redewendung func::produktion topic::stärken_und_schwächen level::c2 source::erkundungen::c2::k3 card::chunk
установить контакт с кем-либо	Kontakt mit jemandem aufnehmen	eine Verbindung herstellen	form::redewendung func::produktion topic::stärken_und_schwächen level::c2 source::erkundungen::c2::k3 card::chunk
подать заявление или ходатайство	einen Antrag stellen	etwas offiziell beantragen	form::redewendung func::produktion topic::stärken_und_schwächen level::c2 source::erkundungen::c2::k3 card::chunk
одобрить заявление или ходатайство	einem Antrag zustimmen	eine Bitte offiziell genehmigen	form::redewendung func::produktion topic::stärken_und_schwächen level::c2 source::erkundungen::c2::k3 card::chunk
связаться с кем-либо	sich mit jemandem in Verbindung setzen	den Austausch beginnen	form::redewendung func::produktion topic::stärken_und_schwächen level::c2 source::erkundungen::c2::k3 card::chunk
заверить кого-либо в поддержке	jemandem Unterstützung zusichern	Hilfe verbindlich versprechen	form::redewendung func::produktion topic::stärken_und_schwächen level::c2 source::erkundungen::c2::k3 card::chunk
обрести больше уверенности в себе	an Selbstbewusstsein gewinnen	sicherer werden	form::redewendung func::produktion topic::stärken_und_schwächen level::c2 source::erkundungen::c2::k3 card::chunk
отстаивать свою точку зрения	seinen Standpunkt vertreten	die eigene Position begründen	form::redewendung func::produktion topic::stärken_und_schwächen level::c2 source::erkundungen::c2::k3 card::chunk
подать возражение против чего-либо	Widerspruch gegen etwas einlegen	offiziell einer Entscheidung widersprechen	form::redewendung func::produktion topic::stärken_und_schwächen level::c2 source::erkundungen::c2::k3 card::chunk
дать кому-либо разрешение	jemandem die Erlaubnis erteilen	etwas offiziell gestatten	form::redewendung func::produktion topic::stärken_und_schwächen level::c2 source::erkundungen::c2::k3 card::chunk
одержать победу	einen Sieg erringen	erfolgreich gewinnen	form::redewendung func::produktion topic::stärken_und_schwächen level::c2 source::erkundungen::c2::k3 card::chunk
приобретать значение	an Bedeutung gewinnen	wichtiger werden	form::redewendung func::produktion topic::stärken_und_schwächen level::c2 source::erkundungen::c2::k3 card::chunk
допускать серьёзные ошибки в руководстве	gravierende Führungsfehler begehen	schlecht leiten	form::redewendung func::produktion topic::stärken_und_schwächen level::c2 source::erkundungen::c2::k3 card::chunk
привлечь кого-либо к ответственности	jemanden zur Verantwortung ziehen	jmdn. für Folgen haftbar machen	form::redewendung func::produktion topic::stärken_und_schwächen level::c2 source::erkundungen::c2::k3 card::chunk
рассмотреть возможность кадровой перестановки	einen Personalwechsel in Erwägung ziehen	eine personelle Änderung prüfen	form::redewendung func::produktion topic::stärken_und_schwächen level::c2 source::erkundungen::c2::k3 card::chunk
принять меры против чего-либо	Maßnahmen gegen etwas ergreifen	aktiv Gegenmaßnahmen einleiten	form::redewendung func::produktion topic::stärken_und_schwächen level::c2 source::erkundungen::c2::k3 card::chunk
достигать компромиссов с кем-либо; идти на взаимные уступки	Kompromisse mit jemandem schließen	gemeinsame Zugeständnisse vereinbaren	form::redewendung func::produktion topic::stärken_und_schwächen level::c2 source::erkundungen::c2::k3 card::chunk
хранить молчание о чём-либо	über etwas Stillschweigen wahren	nichts öffentlich sagen	form::redewendung func::produktion topic::stärken_und_schwächen level::c2 source::erkundungen::c2::k3 card::chunk
