совмещать в себе что-либо	etwas in sich vereinen	mehrere Eigenschaften zugleich besitzen	form::redewendung func::produktion topic::kunst_und_kultur level::c2 source::erkundungen::c2::k7 card::chunk
радовать глаз зрителя	das Auge des Betrachters erfreuen	ästhetisch angenehm wirken	form::redewendung func::produktion topic::kunst_und_kultur level::c2 source::erkundungen::c2::k7 card::chunk
основываться на восприятии, воображении и интуиции	auf Wahrnehmung, Vorstellung und Intuition gegründet sein	diese drei geistigen Grundlagen haben	form::redewendung func::produktion topic::kunst_und_kultur level::c2 source::erkundungen::c2::k7 card::chunk
определяться функциями	durch Funktionen festgelegt sein	einem eindeutigen Zweck unterliegen	form::redewendung func::produktion topic::kunst_und_kultur level::c2 source::erkundungen::c2::k7 card::chunk
результат творческого процесса	das Ergebnis eines kreativen Prozesses	das hervorgebrachte Resultat	form::redewendung func::produktion topic::kunst_und_kultur level::c2 source::erkundungen::c2::k7 card::chunk
делать что-либо видимым	etwas sichtbar machen	Verborgenes erkennbar werden lassen	form::redewendung func::produktion topic::kunst_und_kultur level::c2 source::erkundungen::c2::k7 card::chunk
что-либо должно стать кому-либо понятным	jemandem muss sich etwas erschließen	die Bedeutung soll erkennbar werden	form::redewendung func::produktion topic::kunst_und_kultur level::c2 source::erkundungen::c2::k7 card::chunk
вызывать реакцию	Reaktionen auslösen	bei anderen eine Wirkung hervorrufen	form::redewendung func::produktion topic::kunst_und_kultur level::c2 source::erkundungen::c2::k7 card::chunk
выражать свои мысли и чувства	seinen Gedanken und Gefühlen Ausdruck verleihen	Inneres erkennbar werden lassen	form::redewendung func::produktion topic::kunst_und_kultur level::c2 source::erkundungen::c2::k7 card::chunk
выражать свои мысли и чувства (вариант с zum)	seine Gedanken und Gefühle zum Ausdruck bringen	Inneres deutlich zeigen	form::redewendung func::produktion topic::kunst_und_kultur level::c2 source::erkundungen::c2::k7 card::chunk
обращать внимание на недостатки и злоупотребления	auf Missstände aufmerksam machen	problematische Zustände ins Bewusstsein rücken	form::redewendung func::produktion topic::kunst_und_kultur level::c2 source::erkundungen::c2::k7 card::chunk
вносить вклад в общественное развитие	einen Beitrag zur gesellschaftlichen Entwicklung leisten	den sozialen Fortschritt unterstützen	form::redewendung func::produktion topic::kunst_und_kultur level::c2 source::erkundungen::c2::k7 card::chunk
доносить послание	eine Botschaft übermitteln	einen gemeinten Inhalt weitergeben	form::redewendung func::produktion topic::kunst_und_kultur level::c2 source::erkundungen::c2::k7 card::chunk
побуждать к размышлению и интерпретации	zur Reflexion und Interpretation anregen	zum Nachdenken und Deuten bewegen	form::redewendung func::produktion topic::kunst_und_kultur level::c2 source::erkundungen::c2::k7 card::chunk
растерянно стоять перед чем-либо	irritiert vor etwas stehen	nicht wissen, wie man reagieren soll	form::redewendung func::produktion topic::kunst_und_kultur level::c2 source::erkundungen::c2::k7 card::chunk
безуспешно пытаться что-либо сделать	sich vergeblich bemühen, etwas zu tun	trotz Anstrengung keinen Erfolg haben	form::redewendung func::produktion topic::kunst_und_kultur level::c2 source::erkundungen::c2::k7 card::chunk
при такой путанице	bei so viel Verworrenheit	angesichts großer Unklarheit	form::redewendung func::produktion topic::kunst_und_kultur level::c2 source::erkundungen::c2::k7 card::chunk
при определённых обстоятельствах прийти к какому-либо мнению	unter Umständen zu einer Meinung kommen	möglicherweise diese Auffassung gewinnen	form::redewendung func::produktion topic::kunst_und_kultur level::c2 source::erkundungen::c2::k7 card::chunk
приятно выделяться на фоне чего-либо	sich wohltuend von etwas abheben	im Vergleich positiv auffallen	form::redewendung func::produktion topic::kunst_und_kultur level::c2 source::erkundungen::c2::k7 card::chunk
словно заворожённый любоваться чем-либо	wie elektrisiert etwas bestaunen	äußerst fasziniert ansehen	form::redewendung func::produktion topic::kunst_und_kultur level::c2 source::erkundungen::c2::k7 card::chunk
верить кому-либо/чему-либо	jemandem Glauben schenken	eine Aussage für wahr halten	form::redewendung func::produktion topic::kunst_und_kultur level::c2 source::erkundungen::c2::k7 card::chunk
быть вынужденным исходить из чего-либо	von etwas ausgehen müssen	eine Annahme zugrunde legen	form::redewendung func::produktion topic::kunst_und_kultur level::c2 source::erkundungen::c2::k7 card::chunk
оказаться ясным и понятным	sich als klar und verständlich erweisen	letztlich gut nachvollziehbar sein	form::redewendung func::produktion topic::kunst_und_kultur level::c2 source::erkundungen::c2::k7 card::chunk
найти доступ к чему-либо, понять что-либо	Zugang zu etwas finden	einen inneren Bezug entwickeln	form::redewendung func::produktion topic::kunst_und_kultur level::c2 source::erkundungen::c2::k7 card::chunk
противоречить чему-либо	im Widerspruch zu etwas stehen	mit einer Aussage unvereinbar sein	form::redewendung func::produktion topic::kunst_und_kultur level::c2 source::erkundungen::c2::k7 card::chunk
оказывать влияние на общество	einen gesellschaftlichen Einfluss ausüben	soziale Wirkung entfalten	form::redewendung func::produktion topic::kunst_und_kultur level::c2 source::erkundungen::c2::k7 card::chunk
снять спектакль с репертуара	etwas vom Spielplan nehmen	eine vorgesehene Aufführung streichen	form::redewendung func::produktion topic::kunst_und_kultur level::c2 source::erkundungen::c2::k7 card::chunk
вызвать кого-либо на сцену, заставить вмешаться	jemanden auf den Plan rufen	eine Person oder Behörde zum Handeln bringen	form::redewendung func::produktion topic::kunst_und_kultur level::c2 source::erkundungen::c2::k7 card::chunk
хотеть, чтобы акцию воспринимали как художественное действие	eine Aktion als künstlerische Handlung verstanden wissen wollen	auf dieser Deutung bestehen	form::redewendung func::produktion topic::kunst_und_kultur level::c2 source::erkundungen::c2::k7 card::chunk
затрагивать границы хорошего вкуса	die Grenzen des guten Geschmacks antasten	bewusst an das Anstößige herangehen	form::redewendung func::produktion topic::kunst_und_kultur level::c2 source::erkundungen::c2::k7 card::chunk
использовать провокацию как средство достижения цели	Provokation als Mittel zum Zweck einsetzen	bewusst schockieren, um Wirkung zu erzielen	form::redewendung func::produktion topic::kunst_und_kultur level::c2 source::erkundungen::c2::k7 card::chunk
шокировать и вызывать недовольство	verstören und anecken	bewusst Irritation und Widerstand hervorrufen	form::redewendung func::produktion topic::kunst_und_kultur level::c2 source::erkundungen::c2::k7 card::chunk
достичь своей цели	sein Ziel erreichen	das Beabsichtigte schaffen	form::redewendung func::produktion topic::kunst_und_kultur level::c2 source::erkundungen::c2::k7 card::chunk
сознательно учитывать возмущённый общественный резонанс	den empörten Aufschrei bewusst einkalkulieren	mit heftiger Entrüstung absichtlich rechnen	form::redewendung func::produktion topic::kunst_und_kultur level::c2 source::erkundungen::c2::k7 card::chunk
добиться известности	Bekanntheit erlangen	einem breiten Publikum geläufig werden	form::redewendung func::produktion topic::kunst_und_kultur level::c2 source::erkundungen::c2::k7 card::chunk
предпринять юридические меры против чего-либо	juristisch gegen etwas vorgehen	rechtliche Schritte einleiten	form::redewendung func::produktion topic::kunst_und_kultur level::c2 source::erkundungen::c2::k7 card::chunk
права других весят больше	die Rechte anderer wiegen schwerer	fremde Ansprüche haben Vorrang	form::redewendung func::produktion topic::kunst_und_kultur level::c2 source::erkundungen::c2::k7 card::chunk
сложное балансирование на грани	eine heikle Gratwanderung	eine riskante Abwägung zwischen Extremen	form::redewendung func::produktion topic::kunst_und_kultur level::c2 source::erkundungen::c2::k7 card::chunk
глумиться над кем-либо и унижать его	jemanden verhöhnen und herabsetzen	eine Person verspotten und entwürdigen	form::redewendung func::produktion topic::kunst_und_kultur level::c2 source::erkundungen::c2::k7 card::chunk
размытые границы	fließende Grenzen	keine klare Trennlinie	form::redewendung func::produktion topic::kunst_und_kultur level::c2 source::erkundungen::c2::k7 card::chunk
рассматривать каждый случай отдельно	einen Einzelfall gesondert betrachten	individuell statt pauschal urteilen	form::redewendung func::produktion topic::kunst_und_kultur level::c2 source::erkundungen::c2::k7 card::chunk
без смысла и разума	ohne Sinn und Verstand	völlig unvernünftig	form::redewendung func::produktion topic::kunst_und_kultur level::c2 source::erkundungen::c2::k7 card::chunk
ни перед чем не останавливаться	vor nichts Halt machen	jede Schranke missachten	form::redewendung func::produktion topic::kunst_und_kultur level::c2 source::erkundungen::c2::k7 card::chunk
возвеличивать насилие	Gewalt verherrlichen	brutale Handlungen positiv darstellen	form::redewendung func::produktion topic::kunst_und_kultur level::c2 source::erkundungen::c2::k7 card::chunk
устанавливать чёткие границы	klare Grenzen setzen	eindeutige Schranken bestimmen	form::redewendung func::produktion topic::kunst_und_kultur level::c2 source::erkundungen::c2::k7 card::chunk
быть расценённым как укрепление свободы искусства	als Stärkung der Kunstfreiheit gewertet werden	so interpretiert werden, dass kreative Autonomie gewinnt	form::redewendung func::produktion topic::kunst_und_kultur level::c2 source::erkundungen::c2::k7 card::chunk
отмахнуться от чего-либо как от ерунды	etwas als Blödsinn abtun	nicht ernst nehmen und abwerten	form::redewendung func::produktion topic::kunst_und_kultur level::c2 source::erkundungen::c2::k7 card::chunk
неодобрительно скривиться	missbilligend das Gesicht verziehen	Mimik zeigt deutliche Ablehnung	form::redewendung func::produktion topic::kunst_und_kultur level::c2 source::erkundungen::c2::k7 card::chunk
нарушать общественные нормы	gegen gesellschaftliche Regeln verstoßen	soziale Vorgaben missachten	form::redewendung func::produktion topic::kunst_und_kultur level::c2 source::erkundungen::c2::k7 card::chunk
переступать границы	Grenzen übertreten	über das Zulässige hinausgehen	form::redewendung func::produktion topic::kunst_und_kultur level::c2 source::erkundungen::c2::k7 card::chunk
единогласно выражать возмущение	unisono Empörung äußern	gemeinsam und gleichzeitig protestieren	form::redewendung func::produktion topic::kunst_und_kultur level::c2 source::erkundungen::c2::k7 card::chunk
положить чему-либо/кому-либо конец	jemandem Einhalt gebieten	eine Entwicklung oder Person stoppen	form::redewendung func::produktion topic::kunst_und_kultur level::c2 source::erkundungen::c2::k7 card::chunk
восставать против действующего консенсуса	gegen den geltenden Konsens aufbegehren	sich der vorherrschenden Übereinkunft widersetzen	form::redewendung func::produktion topic::kunst_und_kultur level::c2 source::erkundungen::c2::k7 card::chunk
испытывать границы допустимого	die Grenzen des Tolerierbaren austesten	prüfen, wie weit man gehen kann	form::redewendung func::produktion topic::kunst_und_kultur level::c2 source::erkundungen::c2::k7 card::chunk
нести расходы за что-либо	für etwas aufkommen	die Kosten übernehmen	form::redewendung func::produktion topic::kunst_und_kultur level::c2 source::erkundungen::c2::k7 card::chunk
обеспечивать кому-либо доступ к доступной культуре	jemandem den Zugang zu bezahlbarer Kultur ermöglichen	Teilnahme trotz geringer Mittel möglich machen	form::redewendung func::produktion topic::kunst_und_kultur level::c2 source::erkundungen::c2::k7 card::chunk
нести в себе творческий потенциал	kreatives Potenzial in sich tragen	die Anlage zu neuen Ideen besitzen	form::redewendung func::produktion topic::kunst_und_kultur level::c2 source::erkundungen::c2::k7 card::chunk
заниматься творческой деятельностью	schöpferisch tätig werden	etwas Neues gestalten	form::redewendung func::produktion topic::kunst_und_kultur level::c2 source::erkundungen::c2::k7 card::chunk
импровизировать в неожиданных ситуациях	in unerwarteten Situationen improvisieren	ohne Vorbereitung flexibel reagieren	form::redewendung func::produktion topic::kunst_und_kultur level::c2 source::erkundungen::c2::k7 card::chunk
действовать изобретательно	einfallsreich handeln	originelle Lösungen finden	form::redewendung func::produktion topic::kunst_und_kultur level::c2 source::erkundungen::c2::k7 card::chunk
не быть даром, данным Богом	kein von Gott gegebenes Geschenk sein	erlernbar statt angeboren sein	form::redewendung func::produktion topic::kunst_und_kultur level::c2 source::erkundungen::c2::k7 card::chunk
подавляющее большинство остальных	die große Masse der anderen	alle gewöhnlichen Menschen als Gruppe	form::redewendung func::produktion topic::kunst_und_kultur level::c2 source::erkundungen::c2::k7 card::chunk
способствовать или препятствовать творческим достижениям	kreative Leistungen fördern oder hemmen	Ideenarbeit positiv oder negativ beeinflussen	form::redewendung func::produktion topic::kunst_und_kultur level::c2 source::erkundungen::c2::k7 card::chunk
непременное условие	eine unabdingbare Voraussetzung	eine zwingend notwendige Bedingung	form::redewendung func::produktion topic::kunst_und_kultur level::c2 source::erkundungen::c2::k7 card::chunk
серьёзно рассмотреть какую-либо мысль	einen Gedanken ernsthaft in Erwägung ziehen	eine Idee gründlich prüfen	form::redewendung func::produktion topic::kunst_und_kultur level::c2 source::erkundungen::c2::k7 card::chunk
стараться решить предстоящие проблемы	sich beim Lösen anstehender Probleme Mühe geben	Einsatz für aktuelle Aufgaben zeigen	form::redewendung func::produktion topic::kunst_und_kultur level::c2 source::erkundungen::c2::k7 card::chunk
на кого-либо нисходит озарение	jemanden ereilt die Erleuchtung	eine plötzliche brillante Idee kommt	form::redewendung func::produktion topic::kunst_und_kultur level::c2 source::erkundungen::c2::k7 card::chunk
совершенно внезапно и без предупреждения	ganz plötzlich und ohne Vorwarnung	völlig unerwartet	form::redewendung func::produktion topic::kunst_und_kultur level::c2 source::erkundungen::c2::k7 card::chunk
играть роль, которую не стоит недооценивать	eine nicht zu unterschätzende Rolle spielen	besonders relevant sein	form::redewendung func::produktion topic::kunst_und_kultur level::c2 source::erkundungen::c2::k7 card::chunk
измеримо снижать скорость мышления	die Denkgeschwindigkeit messbar herabsetzen	die geistige Verarbeitung nachweislich verlangsamen	form::redewendung func::produktion topic::kunst_und_kultur level::c2 source::erkundungen::c2::k7 card::chunk
давать крылья мысли, стимулировать ум	den Geist beflügeln	die geistige Aktivität anregen	form::redewendung func::produktion topic::kunst_und_kultur level::c2 source::erkundungen::c2::k7 card::chunk
войти в трудовую жизнь	Einzug in das Arbeitsleben halten	dort dauerhaft Verbreitung finden	form::redewendung func::produktion topic::kunst_und_kultur level::c2 source::erkundungen::c2::k7 card::chunk
занять определённую точку зрения	eine bestimmte Sichtweise einnehmen	aus einem gewählten Blickwinkel urteilen	form::redewendung func::produktion topic::kunst_und_kultur level::c2 source::erkundungen::c2::k7 card::chunk
сменить точку зрения	die Perspektive wechseln	einen anderen Blickwinkel wählen	form::redewendung func::produktion topic::kunst_und_kultur level::c2 source::erkundungen::c2::k7 card::chunk
мысленно надеть другую шляпу	sich in Gedanken einen anderen Hut aufsetzen	bewusst eine fremde Rolle annehmen	form::redewendung func::produktion topic::kunst_und_kultur level::c2 source::erkundungen::c2::k7 card::chunk
сломать устоявшиеся схемы мышления	eingefahrene Denkmuster durchbrechen	gewohnte geistige Bahnen verlassen	form::redewendung func::produktion topic::kunst_und_kultur level::c2 source::erkundungen::c2::k7 card::chunk
быть заложенным в каждом человеке	in jedem Menschen angelegt sein	als natürliche Fähigkeit vorhanden sein	form::redewendung func::produktion topic::kunst_und_kultur level::c2 source::erkundungen::c2::k7 card::chunk
добиться успеха как выдающаяся творческая личность	als kreativer Überflieger reüssieren	außerordentlich erfolgreich werden	form::redewendung func::produktion topic::kunst_und_kultur level::c2 source::erkundungen::c2::k7 card::chunk
выражать свою личность	seine Persönlichkeit zum Ausdruck bringen	das eigene Wesen erkennbar zeigen	form::redewendung func::produktion topic::kunst_und_kultur level::c2 source::erkundungen::c2::k7 card::chunk
получить признание как великий художник	als großer Künstler Anerkennung finden	entsprechend gewürdigt werden	form::redewendung func::produktion topic::kunst_und_kultur level::c2 source::erkundungen::c2::k7 card::chunk
вносить вклад в решение задачи	zur Bewältigung einer Aufgabe beitragen	das erfolgreiche Erledigen unterstützen	form::redewendung func::produktion topic::kunst_und_kultur level::c2 source::erkundungen::c2::k7 card::chunk
привести мир искусства в изумление	die Kunstwelt in Erstaunen versetzen	Fachkreise stark überraschen	form::redewendung func::produktion topic::kunst_und_kultur level::c2 source::erkundungen::c2::k7 card::chunk
неоднократно перерабатывать и улучшать что-либо	etwas mehrfach überarbeiten und verbessern	wiederholt optimieren	form::redewendung func::produktion topic::kunst_und_kultur level::c2 source::erkundungen::c2::k7 card::chunk
доказать свою способность	seine Fähigkeit unter Beweis stellen	praktisch zeigen, was man kann	form::redewendung func::produktion topic::kunst_und_kultur level::c2 source::erkundungen::c2::k7 card::chunk
в голове пусто, мысли не приходят	der Kopf bleibt stumm	keine Idee stellt sich ein	form::redewendung func::produktion topic::kunst_und_kultur level::c2 source::erkundungen::c2::k7 card::chunk
зияюще пустой холст	eine klaffend leere Leinwand	eine unbemalte Fläche wirkt bedrängend	form::redewendung func::produktion topic::kunst_und_kultur level::c2 source::erkundungen::c2::k7 card::chunk
быть связанным с внутренним напряжением	mit Spannungen verbunden sein	nicht ohne psychische Belastung ablaufen	form::redewendung func::produktion topic::kunst_und_kultur level::c2 source::erkundungen::c2::k7 card::chunk
что-либо требует сил	etwas kostet Kraft	es verlangt viel Energie	form::redewendung func::produktion topic::kunst_und_kultur level::c2 source::erkundungen::c2::k7 card::chunk
идея постепенно созревает в голове	eine Idee reift im Kopf heran	ein Einfall entwickelt sich unbewusst	form::redewendung func::produktion topic::kunst_und_kultur level::c2 source::erkundungen::c2::k7 card::chunk
не суметь уловить/ухватить что-либо	etwas nicht zu fassen bekommen	es geistig nicht greifen können	form::redewendung func::produktion topic::kunst_und_kultur level::c2 source::erkundungen::c2::k7 card::chunk
стерпеть что-либо, позволить этому произойти	etwas über sich ergehen lassen	Unangenehmes passiv ertragen	form::redewendung func::produktion topic::kunst_und_kultur level::c2 source::erkundungen::c2::k7 card::chunk
жить на грани безумия	am Rand des Wahnsinns leben	psychisch nahe am Abgrund sein	form::redewendung func::produktion topic::kunst_und_kultur level::c2 source::erkundungen::c2::k7 card::chunk
перерасти в депрессию и психоз	in Depressionen und Psychosen umschlagen	sich zu schweren psychischen Störungen entwickeln	form::redewendung func::produktion topic::kunst_und_kultur level::c2 source::erkundungen::c2::k7 card::chunk
в порыве вдохновения изложить что-либо на бумаге	etwas in einem kreativen Schub zu Papier bringen	während einer produktiven Phase niederschreiben	form::redewendung func::produktion topic::kunst_und_kultur level::c2 source::erkundungen::c2::k7 card::chunk
страдать от перепадов настроения	unter Stimmungsschwankungen leiden	häufige emotionale Wechsel erleben	form::redewendung func::produktion topic::kunst_und_kultur level::c2 source::erkundungen::c2::k7 card::chunk
впасть в зависимость	einer Sucht verfallen	abhängig werden	form::redewendung func::produktion topic::kunst_und_kultur level::c2 source::erkundungen::c2::k7 card::chunk
на какой стороне тонкой грани находиться	auf welcher Seite des schmalen Grats man steht	zwischen zwei nahen Extremen verortet sein	form::redewendung func::produktion topic::kunst_und_kultur level::c2 source::erkundungen::c2::k7 card::chunk
иметь плавный переход	einen fließenden Übergang aufweisen	ohne klare Trennung ineinander übergehen	form::redewendung func::produktion topic::kunst_und_kultur level::c2 source::erkundungen::c2::k7 card::chunk
защищать кого-либо от чего-либо	jemandem Schutz vor etwas bieten	eine schädliche Wirkung abwehren	form::redewendung func::produktion topic::kunst_und_kultur level::c2 source::erkundungen::c2::k7 card::chunk
давать кому-либо опору	jemandem Halt bieten	Stabilität und Sicherheit geben	form::redewendung func::produktion topic::kunst_und_kultur level::c2 source::erkundungen::c2::k7 card::chunk
искать уединения в комнате	die Abgeschiedenheit eines Zimmers suchen	ungestört allein arbeiten wollen	form::redewendung func::produktion topic::kunst_und_kultur level::c2 source::erkundungen::c2::k7 card::chunk
затуманивать мысли	die Gedanken vernebeln	klares Urteilen erschweren	form::redewendung func::produktion topic::kunst_und_kultur level::c2 source::erkundungen::c2::k7 card::chunk
застыть как вкопанный	wie angewurzelt stehen bleiben	vor Schreck reglos werden	form::redewendung func::produktion topic::kunst_und_kultur level::c2 source::erkundungen::c2::k7 card::chunk
кого-либо покидает творческое вдохновение	jemanden verlässt die Kreativität	einer Person fällt nichts mehr ein	form::redewendung func::produktion topic::kunst_und_kultur level::c2 source::erkundungen::c2::k7 card::chunk
влиять на дальнейшее развитие сюжета	Einfluss auf den Fortgang der Handlung nehmen	bestimmen, wie die Geschichte weitergeht	form::redewendung func::produktion topic::kunst_und_kultur level::c2 source::erkundungen::c2::k7 card::chunk
позволить новым технологиям оставить себя позади	sich von neuen Technologien abhängen lassen	mit dem technischen Fortschritt nicht mithalten	form::redewendung func::produktion topic::kunst_und_kultur level::c2 source::erkundungen::c2::k7 card::chunk
быть убеждённым сторонником электронных книг	auf E-Books schwören	dieses Medium begeistert bevorzugen	form::redewendung func::produktion topic::kunst_und_kultur level::c2 source::erkundungen::c2::k7 card::chunk
чудо техники	ein technisches Wunderwerk	ein erstaunlich fortschrittliches Gerät	form::redewendung func::produktion topic::kunst_und_kultur level::c2 source::erkundungen::c2::k7 card::chunk
направить мысли в новое русло	Gedanken in eine neue Richtung lenken	den Gedankengang verändern	form::redewendung func::produktion topic::kunst_und_kultur level::c2 source::erkundungen::c2::k7 card::chunk
отказаться от идеи	eine Idee verwerfen	einen Einfall nach Prüfung ablehnen	form::redewendung func::produktion topic::kunst_und_kultur level::c2 source::erkundungen::c2::k7 card::chunk
что-либо раскалывает мнения	an etwas scheiden sich die Geister	darüber herrscht starke Uneinigkeit	form::redewendung func::produktion topic::kunst_und_kultur level::c2 source::erkundungen::c2::k7 card::chunk
видеть в чём-либо крах западной цивилизации	den Untergang des Abendlandes sehen	einen kulturellen Verfall befürchten	form::redewendung func::produktion topic::kunst_und_kultur level::c2 source::erkundungen::c2::k7 card::chunk
сосредоточиться на преимуществах	die Vorzüge in den Blick nehmen	die positiven Seiten betrachten	form::redewendung func::produktion topic::kunst_und_kultur level::c2 source::erkundungen::c2::k7 card::chunk
по своему усмотрению	nach Belieben	so, wie man es selbst möchte	form::redewendung func::produktion topic::kunst_und_kultur level::c2 source::erkundungen::c2::k7 card::chunk
пользоваться всё большей популярностью	sich immer größerer Beliebtheit erfreuen	zunehmend gern genutzt werden	form::redewendung func::produktion topic::kunst_und_kultur level::c2 source::erkundungen::c2::k7 card::chunk
остаётся подождать и посмотреть	etwas bleibt abzuwarten	das Ergebnis ist noch offen	form::redewendung func::produktion topic::kunst_und_kultur level::c2 source::erkundungen::c2::k7 card::chunk
уметь ценить что-либо	etwas zu schätzen wissen	den Wert wirklich erkennen	form::redewendung func::produktion topic::kunst_und_kultur level::c2 source::erkundungen::c2::k7 card::chunk
обратить внимание на кого-либо	auf jemanden aufmerksam werden	eine Person erstmals wahrnehmen	form::redewendung func::produktion topic::kunst_und_kultur level::c2 source::erkundungen::c2::k7 card::chunk
уметь увлечь читателя	es verstehen, den Leser zu fesseln	spannend schreiben können	form::redewendung func::produktion topic::kunst_und_kultur level::c2 source::erkundungen::c2::k7 card::chunk
быть выдержанным в стиле роуд-муви	im Stil eines Roadmovies gehalten sein	dieser Gattung gestalterisch folgen	form::redewendung func::produktion topic::kunst_und_kultur level::c2 source::erkundungen::c2::k7 card::chunk
пройти путь самопознания	einen Weg der Selbstfindung beschreiten	die eigene Identität allmählich entdecken	form::redewendung func::produktion topic::kunst_und_kultur level::c2 source::erkundungen::c2::k7 card::chunk
вкладывать слова в уста кому-либо	jemandem Worte in den Mund legen	eine Figur etwas Bestimmtes sagen lassen	form::redewendung func::produktion topic::kunst_und_kultur level::c2 source::erkundungen::c2::k7 card::chunk
изложить что-либо на бумаге	etwas zu Papier bringen	niederschreiben	form::redewendung func::produktion topic::kunst_und_kultur level::c2 source::erkundungen::c2::k7 card::chunk
точно передать мир чувств	eine Gefühlswelt einfangen	emotionale Nuancen treffend darstellen	form::redewendung func::produktion topic::kunst_und_kultur level::c2 source::erkundungen::c2::k7 card::chunk
большая удача, выдающееся достижение	ein großer Wurf	ein außerordentlicher Erfolg	form::redewendung func::produktion topic::kunst_und_kultur level::c2 source::erkundungen::c2::k7 card::chunk
быть полным глубокого смысла и истины	voller Tiefsinn und Wahrheit stecken	inhaltlich sehr gehaltvoll sein	form::redewendung func::produktion topic::kunst_und_kultur level::c2 source::erkundungen::c2::k7 card::chunk
вступить в соревнование	in einen Wettstreit treten	miteinander zu konkurrieren beginnen	form::redewendung func::produktion topic::kunst_und_kultur level::c2 source::erkundungen::c2::k7 card::chunk
профессиональная компетентность проявляется	Sachverstand kommt zum Tragen	fachliche Kompetenz wird wirksam	form::redewendung func::produktion topic::kunst_und_kultur level::c2 source::erkundungen::c2::k7 card::chunk
придать сюжету глубину	einer Handlung Tiefe verleihen	inhaltlich gehaltvoller gestalten	form::redewendung func::produktion topic::kunst_und_kultur level::c2 source::erkundungen::c2::k7 card::chunk
не хватает содержательности и выразительности	es fehlt an Substanz und Aussagekraft	inhaltlich zu wenig bieten	form::redewendung func::produktion topic::kunst_und_kultur level::c2 source::erkundungen::c2::k7 card::chunk
живой, плоть от плоти человек	eine Person aus Fleisch und Blut	eine glaubwürdige, lebendige Figur	form::redewendung func::produktion topic::kunst_und_kultur level::c2 source::erkundungen::c2::k7 card::chunk
предъявить что-либо примечательное	mit etwas aufwarten	etwas Bemerkenswertes präsentieren	form::redewendung func::produktion topic::kunst_und_kultur level::c2 source::erkundungen::c2::k7 card::chunk
зависеть от желания или способности автора	im Willen oder Können des Autors liegen	durch Absicht oder Begabung bedingt sein	form::redewendung func::produktion topic::kunst_und_kultur level::c2 source::erkundungen::c2::k7 card::chunk
замысел считается неудавшимся	ein Anliegen gilt als gescheitert	das beabsichtigte Vorhaben misslang	form::redewendung func::produktion topic::kunst_und_kultur level::c2 source::erkundungen::c2::k7 card::chunk
даже при благожелательной оценке	bei wohlwollender Betrachtung	auch mit freundlichem Urteil	form::redewendung func::produktion topic::kunst_und_kultur level::c2 source::erkundungen::c2::k7 card::chunk
оставлять двойственное впечатление	einen zwiespältigen Eindruck hinterlassen	zugleich positiv und negativ wirken	form::redewendung func::produktion topic::kunst_und_kultur level::c2 source::erkundungen::c2::k7 card::chunk
при всём желании никак не…	beim besten Willen nicht	auch mit größter Anstrengung unmöglich	form::redewendung func::produktion topic::kunst_und_kultur level::c2 source::erkundungen::c2::k7 card::chunk
полный тихих и трогательных интонаций	voller leiser und anrührender Töne	subtil und emotional erzählt	form::redewendung func::produktion topic::kunst_und_kultur level::c2 source::erkundungen::c2::k7 card::chunk
быть рассказанным с точки зрения персонажа	aus der Perspektive einer Figur erzählt werden	dessen Blickwinkel bestimmt die Darstellung	form::redewendung func::produktion topic::kunst_und_kultur level::c2 source::erkundungen::c2::k7 card::chunk
мышление, обременённое предрассудками	vorurteilsbeladenes Denken	Urteile aufgrund fester Klischees	form::redewendung func::produktion topic::kunst_und_kultur level::c2 source::erkundungen::c2::k7 card::chunk
виртуозно играть с реальностью	virtuos mit der Wirklichkeit spielen	die reale Welt meisterhaft umgestalten	form::redewendung func::produktion topic::kunst_und_kultur level::c2 source::erkundungen::c2::k7 card::chunk
соскальзывать в фантастическое	ins Fantastische abgleiten	die realistische Ebene allmählich verlassen	form::redewendung func::produktion topic::kunst_und_kultur level::c2 source::erkundungen::c2::k7 card::chunk
во многих отношениях	in mehrfacher Hinsicht	unter mehreren Gesichtspunkten	form::redewendung func::produktion topic::kunst_und_kultur level::c2 source::erkundungen::c2::k7 card::chunk
против рекомендации говорит тот факт, что…	gegen eine Empfehlung spricht die Tatsache, dass ...	dieser Grund ist ein Argument dagegen	form::redewendung func::produktion topic::kunst_und_kultur level::c2 source::erkundungen::c2::k7 card::chunk
осилить/закончить что-либо за один присест	etwas in einem Rutsch durchhaben	ohne Unterbrechung fertig werden	form::redewendung func::produktion topic::kunst_und_kultur level::c2 source::erkundungen::c2::k7 card::chunk
взять свою судьбу в свои руки	sein Schicksal in die eigenen Hände nehmen	selbst Verantwortung für die Zukunft übernehmen	form::redewendung func::produktion topic::kunst_und_kultur level::c2 source::erkundungen::c2::k7 card::chunk
относиться к ключевым особенностям	zu den zentralen Merkmalen gehören	eine wesentliche Eigenschaft sein	form::redewendung func::produktion topic::kunst_und_kultur level::c2 source::erkundungen::c2::k7 card::chunk
рассмотреть ключевой вопрос	eine zentrale Fragestellung erörtern	ein wesentliches Problem ausführlich diskutieren	form::redewendung func::produktion topic::kunst_und_kultur level::c2 source::erkundungen::c2::k7 card::chunk
выступать в качестве представителя чего-либо	stellvertretend für etwas stehen	einen größeren Zusammenhang repräsentieren	form::redewendung func::produktion topic::kunst_und_kultur level::c2 source::erkundungen::c2::k7 card::chunk
что-либо можно рассматривать как метафору чего-либо	etwas kann als Metapher für etwas gesehen werden	eine übertragene Deutung ist möglich	form::redewendung func::produktion topic::kunst_und_kultur level::c2 source::erkundungen::c2::k7 card::chunk
рассматривать проблему с чьей-либо точки зрения	eine Problematik aus der Sicht von jemandem behandeln	einen Konflikt aus dessen Blickwinkel darstellen	form::redewendung func::produktion topic::kunst_und_kultur level::c2 source::erkundungen::c2::k7 card::chunk
достигать эффекта за счёт того, что…	einen Effekt dadurch erreichen, dass ...	diese Vorgehensweise erzeugt die Wirkung	form::redewendung func::produktion topic::kunst_und_kultur level::c2 source::erkundungen::c2::k7 card::chunk
получать единодушную похвалу или критику	einhellig gelobt oder kritisiert werden	ohne abweichende Stimmen bewertet werden	form::redewendung func::produktion topic::kunst_und_kultur level::c2 source::erkundungen::c2::k7 card::chunk
придерживаться разных мнений о чём-либо	über etwas geteilter Meinung sein	unterschiedlich urteilen	form::redewendung func::produktion topic::kunst_und_kultur level::c2 source::erkundungen::c2::k7 card::chunk
рекомендовать что-либо лишь с оговорками	etwas nur bedingt empfehlen	nicht uneingeschränkt dazu raten	form::redewendung func::produktion topic::kunst_und_kultur level::c2 source::erkundungen::c2::k7 card::chunk
важное свидетельство чего-либо	ein wichtiges Zeugnis für etwas	ein bedeutsamer historischer oder kultureller Beleg	form::redewendung func::produktion topic::kunst_und_kultur level::c2 source::erkundungen::c2::k7 card::chunk
в положительном/отрицательном ключе следует отметить, что…	positiv oder negativ ist anzumerken, dass ...	eine formelle Bewertung einleiten	form::redewendung func::produktion topic::kunst_und_kultur level::c2 source::erkundungen::c2::k7 card::chunk
навязчиво бросаться кому-либо в глаза	sich jemandem aufdrängen	unfreiwillig starke Aufmerksamkeit verlangen	form::redewendung func::produktion topic::kunst_und_kultur level::c2 source::erkundungen::c2::k7 card::chunk
сильно ошибиться в каком-либо вопросе	sich mit einer Frage ziemlich vertun	dabei deutlich falschliegen	form::redewendung func::produktion topic::kunst_und_kultur level::c2 source::erkundungen::c2::k7 card::chunk
само по себе, взятое отдельно	für sich genommen	ohne weiteren Zusammenhang betrachtet	form::redewendung func::produktion topic::kunst_und_kultur level::c2 source::erkundungen::c2::k7 card::chunk
иметь какой-то замысел, делая что-либо	sich etwas dabei gedacht haben	nicht ohne Absicht handeln	form::redewendung func::produktion topic::kunst_und_kultur level::c2 source::erkundungen::c2::k7 card::chunk
быть обременённым противоречивыми чувствами	mit ambivalenten Gefühlen beladen sein	zugleich positive und negative Emotionen tragen	form::redewendung func::produktion topic::kunst_und_kultur level::c2 source::erkundungen::c2::k7 card::chunk
обозначать какой-либо жизненный этап	einen Lebensabschnitt markieren	an eine bestimmte Phase erinnern	form::redewendung func::produktion topic::kunst_und_kultur level::c2 source::erkundungen::c2::k7 card::chunk
показывать свою принадлежность к группе, дающей смысл	sich einer sinnstiftenden Gruppe zugehörig zeigen	die eigene Mitgliedschaft sichtbar machen	form::redewendung func::produktion topic::kunst_und_kultur level::c2 source::erkundungen::c2::k7 card::chunk
опираться на архаическую символику	sich auf archaische Symbolik stützen	uralte Zeichen als Grundlage nutzen	form::redewendung func::produktion topic::kunst_und_kultur level::c2 source::erkundungen::c2::k7 card::chunk
использовать банальность, воспроизводить штамп	einen Gemeinplatz bedienen	eine abgegriffene Aussage wiederholen	form::redewendung func::produktion topic::kunst_und_kultur level::c2 source::erkundungen::c2::k7 card::chunk
быть обязанным кому-либо чем-либо	jemandem etwas zu verdanken haben	durch dessen Verdienst erhalten haben	form::redewendung func::produktion topic::kunst_und_kultur level::c2 source::erkundungen::c2::k7 card::chunk
не бояться идти под иглу (делать татуировку)	den Gang zur Nadel nicht scheuen	sich trotz Schmerzen tätowieren lassen	form::redewendung func::produktion topic::kunst_und_kultur level::c2 source::erkundungen::c2::k7 card::chunk
быть принятым в круг взрослых	im Kreis der Erwachsenen aufgenommen werden	nach einem Ritual als vollwertig gelten	form::redewendung func::produktion topic::kunst_und_kultur level::c2 source::erkundungen::c2::k7 card::chunk
начать своё победное распространение по Европе	den Erfolgszug nach Europa antreten	dort eine rasche Verbreitung beginnen	form::redewendung func::produktion topic::kunst_und_kultur level::c2 source::erkundungen::c2::k7 card::chunk
сохраниться до наших дней	sich bis heute gehalten haben	noch immer bestehen	form::redewendung func::produktion topic::kunst_und_kultur level::c2 source::erkundungen::c2::k7 card::chunk
быть вырванным из общественного контекста	aus dem gesellschaftlichen Kontext herausgelöst sein	den ursprünglichen sozialen Zusammenhang verlieren	form::redewendung func::produktion topic::kunst_und_kultur level::c2 source::erkundungen::c2::k7 card::chunk
всё больше превращаться в увлечение украшением тела	sich mehr und mehr zur Lust an Körperdekoration wandeln	seinen sozialen Zweck verlieren und zum Vergnügen werden	form::redewendung func::produktion topic::kunst_und_kultur level::c2 source::erkundungen::c2::k7 card::chunk
тем временем, между тем	in der Zwischenzeit	währenddessen	form::redewendung func::produktion topic::kunst_und_kultur level::c2 source::erkundungen::c2::k7 card::chunk
серьёзно компрометировать кого-либо	jemanden schwer belasten	starke Beweise gegen eine Person liefern	form::redewendung func::produktion topic::kunst_und_kultur level::c2 source::erkundungen::c2::k7 card::chunk
быть арестованным несправедливо	zu Unrecht verhaftet werden	ohne rechtmäßigen Grund festgenommen werden	form::redewendung func::produktion topic::kunst_und_kultur level::c2 source::erkundungen::c2::k7 card::chunk
невыясненным образом	auf ungeklärte Weise	ohne bekannte Erklärung	form::redewendung func::produktion topic::kunst_und_kultur level::c2 source::erkundungen::c2::k7 card::chunk
разыскивать скрывающихся членов группы	nach untergetauchten Mitgliedern fahnden	verborgene Beteiligte polizeilich suchen	form::redewendung func::produktion topic::kunst_und_kultur level::c2 source::erkundungen::c2::k7 card::chunk
попасться на удочку кому-либо	jemandem auf den Leim gehen	sich von einer Person täuschen lassen	form::redewendung func::produktion topic::kunst_und_kultur level::c2 source::erkundungen::c2::k7 card::chunk
руководствоваться какой-либо мыслью	sich von einem Gedanken leiten lassen	eine Idee bestimmt das Handeln	form::redewendung func::produktion topic::kunst_und_kultur level::c2 source::erkundungen::c2::k7 card::chunk
нарушить молчание о щекотливой теме	das Schweigen über ein heikles Thema brechen	offen darüber zu sprechen beginnen	form::redewendung func::produktion topic::kunst_und_kultur level::c2 source::erkundungen::c2::k7 card::chunk
всерьёз намереваться провести устойчивое самоочищение	es mit einem nachhaltigen Selbstreinigungsprozess ernst meinen	eine dauerhafte interne Reform wirklich wollen	form::redewendung func::produktion topic::kunst_und_kultur level::c2 source::erkundungen::c2::k7 card::chunk
извлекать выгоду из чего-либо	von etwas profitieren	einen Nutzen daraus ziehen	form::redewendung func::produktion topic::kunst_und_kultur level::c2 source::erkundungen::c2::k7 card::chunk
быть открытым по отношению к кому-либо/чему-либо	jemandem gegenüber aufgeschlossen sein	Neuem oder Fremdem positiv begegnen	form::redewendung func::produktion topic::kunst_und_kultur level::c2 source::erkundungen::c2::k7 card::chunk
пострадать от мер экономии	von Sparmaßnahmen betroffen sein	die Folgen von Budgetkürzungen spüren	form::redewendung func::produktion topic::kunst_und_kultur level::c2 source::erkundungen::c2::k7 card::chunk
нуждаться в финансовой помощи	auf finanzielle Hilfe angewiesen sein	ohne Geld von außen nicht bestehen können	form::redewendung func::produktion topic::kunst_und_kultur level::c2 source::erkundungen::c2::k7 card::chunk
беспокоиться о чём-либо	um etwas besorgt sein	negative Entwicklungen befürchten	form::redewendung func::produktion topic::kunst_und_kultur level::c2 source::erkundungen::c2::k7 card::chunk
быть характерным признаком чего-либо	für etwas bezeichnend sein	eine typische Haltung erkennen lassen	form::redewendung func::produktion topic::kunst_und_kultur level::c2 source::erkundungen::c2::k7 card::chunk
осознавать какую-либо трудность	sich einer Schwierigkeit bewusst sein	das bestehende Problem klar erkennen	form::redewendung func::produktion topic::kunst_und_kultur level::c2 source::erkundungen::c2::k7 card::chunk
быть уверенным в чьей-либо верности	sich jemandes Loyalität sicher sein	fest auf dessen Treue vertrauen	form::redewendung func::produktion topic::kunst_und_kultur level::c2 source::erkundungen::c2::k7 card::chunk
подозреваться в продажности	der Bestechlichkeit verdächtig sein	unter Korruptionsverdacht stehen	form::redewendung func::produktion topic::kunst_und_kultur level::c2 source::erkundungen::c2::k7 card::chunk
приносить реальную пользу	nützliche Dienste leisten	praktisch sehr hilfreich sein	form::redewendung func::produktion topic::kunst_und_kultur level::c2 source::erkundungen::c2::k7 card::chunk
требовать умения слушать друг друга	ein Aufeinander-Hören erfordern	gegenseitige akustische Aufmerksamkeit verlangen	form::redewendung func::produktion topic::kunst_und_kultur level::c2 source::erkundungen::c2::k7 card::chunk
представлять собой огромную сложность	eine riesige Herausforderung darstellen	außerordentlich anspruchsvoll sein	form::redewendung func::produktion topic::kunst_und_kultur level::c2 source::erkundungen::c2::k7 card::chunk
