легко справляться с чем-либо	sich leicht mit etwas tun	kaum Schwierigkeiten damit haben	form::redewendung func::produktion topic::besonderes_und_gewöhnliches level::c2 source::erkundungen::c2::k6 card::chunk
добиваться выдающихся результатов	Spitzenleistungen erbringen	Außergewöhnliches vollbringen	form::redewendung func::produktion topic::besonderes_und_gewöhnliches level::c2 source::erkundungen::c2::k6 card::chunk
оспаривать определённую точку зрения	eine Sicht bestreiten	einer Auffassung widersprechen	form::redewendung func::produktion topic::besonderes_und_gewöhnliches level::c2 source::erkundungen::c2::k6 card::chunk
считать роль генов чрезвычайно переоценённой	die Rolle der Gene für maßlos überbewertet halten	den erblichen Einfluss stark relativieren	form::redewendung func::produktion topic::besonderes_und_gewöhnliches level::c2 source::erkundungen::c2::k6 card::chunk
восходить к кому-либо, быть связанным с чьим-либо именем	auf jemanden zurückgehen	seinen Ursprung bei einer Person haben	form::redewendung func::produktion topic::besonderes_und_gewöhnliches level::c2 source::erkundungen::c2::k6 card::chunk
разработать теорию наследования умственных задатков	eine Theorie zur Vererbung geistiger Anlagen entwickeln	ein Erklärungsmodell für erbliche Begabung ausarbeiten	form::redewendung func::produktion topic::besonderes_und_gewöhnliches level::c2 source::erkundungen::c2::k6 card::chunk
подкрепить теорию сотнями исследований отдельных случаев	eine Theorie mit Hunderten Fallstudien belegen	viele Einzelfälle als Nachweis heranziehen	form::redewendung func::produktion topic::besonderes_und_gewöhnliches level::c2 source::erkundungen::c2::k6 card::chunk
прослеживаться через всю семейную историю	sich quer durch die Familiengeschichte ziehen	über viele Generationen erkennbar sein	form::redewendung func::produktion topic::besonderes_und_gewöhnliches level::c2 source::erkundungen::c2::k6 card::chunk
при трезвом рассмотрении картина выглядит иначе	der nüchterne Blick ergibt ein anderes Bild	eine sachliche Prüfung führt zu einem abweichenden Befund	form::redewendung func::produktion topic::besonderes_und_gewöhnliches level::c2 source::erkundungen::c2::k6 card::chunk
не обнаружить признаков высокой одарённости	keine Anzeichen einer Hochbegabung finden	nichts deutet auf außergewöhnliches Talent hin	form::redewendung func::produktion topic::besonderes_und_gewöhnliches level::c2 source::erkundungen::c2::k6 card::chunk
доказательств пока нет	bislang fehlt der Beweis	die These ist bisher nicht nachgewiesen	form::redewendung func::produktion topic::besonderes_und_gewöhnliches level::c2 source::erkundungen::c2::k6 card::chunk
определять жизненный успех	über den Lebenserfolg entscheiden	für den späteren Werdegang ausschlaggebend sein	form::redewendung func::produktion topic::besonderes_und_gewöhnliches level::c2 source::erkundungen::c2::k6 card::chunk
показать средний результат	mittelmäßig abschneiden	weder besonders gut noch schlecht bewertet werden	form::redewendung func::produktion topic::besonderes_und_gewöhnliches level::c2 source::erkundungen::c2::k6 card::chunk
внести большой вклад в успех	einen großen Beitrag zum Erfolg leisten	wesentlich zu einem positiven Resultat beitragen	form::redewendung func::produktion topic::besonderes_und_gewöhnliches level::c2 source::erkundungen::c2::k6 card::chunk
при более внимательном рассмотрении	bei näherem Hinsehen	genauer betrachtet	form::redewendung func::produktion topic::besonderes_und_gewöhnliches level::c2 source::erkundungen::c2::k6 card::chunk
достичь вершины, почти не тренируясь	es mit wenig Übung an die Spitze bringen	trotz geringer Praxis führend werden	form::redewendung func::produktion topic::besonderes_und_gewöhnliches level::c2 source::erkundungen::c2::k6 card::chunk
войти в мировую элиту	in die Weltklasse vorstoßen	das höchste internationale Niveau erreichen	form::redewendung func::produktion topic::besonderes_und_gewöhnliches level::c2 source::erkundungen::c2::k6 card::chunk
не быть исключением	keine Ausnahme bilden	ebenfalls der allgemeinen Regel entsprechen	form::redewendung func::produktion topic::besonderes_und_gewöhnliches level::c2 source::erkundungen::c2::k6 card::chunk
служить ключом к успеху	als Schlüssel zum Erfolg dienen	einen entscheidenden Faktor darstellen	form::redewendung func::produktion topic::besonderes_und_gewöhnliches level::c2 source::erkundungen::c2::k6 card::chunk
стимулирующее окружение	ein stimulierendes Umfeld	förderliche äußere Bedingungen	form::redewendung func::produktion topic::besonderes_und_gewöhnliches level::c2 source::erkundungen::c2::k6 card::chunk
воспринимать неудачу как шанс	Scheitern als Chance begreifen	aus einem Misserfolg eine Möglichkeit ableiten	form::redewendung func::produktion topic::besonderes_und_gewöhnliches level::c2 source::erkundungen::c2::k6 card::chunk
быть чистой случайностью	reine Glückssache sein	nur vom Zufall abhängen	form::redewendung func::produktion topic::besonderes_und_gewöhnliches level::c2 source::erkundungen::c2::k6 card::chunk
быть генетически предопределённым	genetisch vorbestimmt sein	durch das Erbgut festgelegt sein	form::redewendung func::produktion topic::besonderes_und_gewöhnliches level::c2 source::erkundungen::c2::k6 card::chunk
решать проблемы в своей специфической среде обитания	Probleme in der spezifischen Umwelt meistern	Herausforderungen im eigenen Lebensraum bewältigen	form::redewendung func::produktion topic::besonderes_und_gewöhnliches level::c2 source::erkundungen::c2::k6 card::chunk
привлекать всё больше внимания	immer mehr Beachtung finden	zunehmend wahrgenommen werden	form::redewendung func::produktion topic::besonderes_und_gewöhnliches level::c2 source::erkundungen::c2::k6 card::chunk
быть способным понять, что кто-либо замышляет	in der Lage sein zu erkennen, was jemand im Schilde führt	die verborgene Absicht eines anderen durchschauen	form::redewendung func::produktion topic::besonderes_und_gewöhnliches level::c2 source::erkundungen::c2::k6 card::chunk
заранее проигрывать ситуации в уме	Situationen vorab im Kopf durchspielen	mögliche Abläufe mental simulieren	form::redewendung func::produktion topic::besonderes_und_gewöhnliches level::c2 source::erkundungen::c2::k6 card::chunk
преспокойно направиться к своей еде	seelenruhig zu seinem Snack spazieren	völlig gelassen dorthin gehen	form::redewendung func::produktion topic::besonderes_und_gewöhnliches level::c2 source::erkundungen::c2::k6 card::chunk
обладать высоким социальным интеллектом	über eine große soziale Intelligenz verfügen	andere Lebewesen besonders gut verstehen	form::redewendung func::produktion topic::besonderes_und_gewöhnliches level::c2 source::erkundungen::c2::k6 card::chunk
простых нейронных сетей достаточно	einfache neuronale Netzwerke reichen aus	wenige Nervenzellverbindungen genügen	form::redewendung func::produktion topic::besonderes_und_gewöhnliches level::c2 source::erkundungen::c2::k6 card::chunk
признавать за кем-либо экологический и социальный интеллект	jemandem eine ökologische und soziale Intelligenz zugestehen	einem Lebewesen komplexe Fähigkeiten zuerkennen	form::redewendung func::produktion topic::besonderes_und_gewöhnliches level::c2 source::erkundungen::c2::k6 card::chunk
практиковать изощрённые формы заботы о потомстве	ausgeklügelte Formen der Brutpflege betreiben	Jungtiere auf komplexe Weise versorgen	form::redewendung func::produktion topic::besonderes_und_gewöhnliches level::c2 source::erkundungen::c2::k6 card::chunk
согласно новейшим исследованиям	Neuesten Untersuchungen zufolge	laut aktuellen wissenschaftlichen Studien	form::redewendung func::produktion topic::besonderes_und_gewöhnliches level::c2 source::erkundungen::c2::k6 card::chunk
согласно новым данным	Laut neuen Erkenntnissen	nach dem aktuellen Wissensstand	form::redewendung func::produktion topic::besonderes_und_gewöhnliches level::c2 source::erkundungen::c2::k6 card::chunk
с помощью экспериментов удалось доказать, что…	Anhand von Experimenten konnte bewiesen werden, dass	ein Nachweis beruht auf praktischen Versuchen	form::redewendung func::produktion topic::besonderes_und_gewöhnliches level::c2 source::erkundungen::c2::k6 card::chunk
уже давно известно, что…	Es ist seit Langem bekannt, dass	diese Tatsache gilt als gesichertes Wissen	form::redewendung func::produktion topic::besonderes_und_gewöhnliches level::c2 source::erkundungen::c2::k6 card::chunk
кому-либо постепенно становится ясно, что…	jemandem wird nach und nach klar, dass	eine Person erkennt etwas allmählich	form::redewendung func::produktion topic::besonderes_und_gewöhnliches level::c2 source::erkundungen::c2::k6 card::chunk
объяснять что-либо исключительно божественным поручением	sich etwas nur mit einem göttlichen Auftrag erklären	eine übernatürliche Mission als einzige Ursache ansehen	form::redewendung func::produktion topic::besonderes_und_gewöhnliches level::c2 source::erkundungen::c2::k6 card::chunk
чудаковатый тип	ein wunderlicher Kauz	eine seltsame, eigenwillige Person	form::redewendung func::produktion topic::besonderes_und_gewöhnliches level::c2 source::erkundungen::c2::k6 card::chunk
потерпеть неудачу из-за чего-либо	an etwas scheitern	ein Hindernis nicht überwinden können	form::redewendung func::produktion topic::besonderes_und_gewöhnliches level::c2 source::erkundungen::c2::k6 card::chunk
служить кому-либо ориентиром	jemandem als Kompass dienen	einer Person die Richtung weisen	form::redewendung func::produktion topic::besonderes_und_gewöhnliches level::c2 source::erkundungen::c2::k6 card::chunk
ориентироваться в изменившемся мире	sich in einer veränderten Welt orientieren	mit neuen Verhältnissen zurechtkommen	form::redewendung func::produktion topic::besonderes_und_gewöhnliches level::c2 source::erkundungen::c2::k6 card::chunk
воспылать чувствами	Feuer fangen	sich plötzlich stark begeistern oder verlieben	form::redewendung func::produktion topic::besonderes_und_gewöhnliches level::c2 source::erkundungen::c2::k6 card::chunk
Рыбак рыбака видит издалека.	Gleich und Gleich gesellt sich gern.	Menschen mit ähnlichen Eigenschaften finden zusammen	form::satz func::produktion topic::besonderes_und_gewöhnliches level::c2 source::erkundungen::c2::k6 card::satz
движущий и чрезвычайно важный фактор	ein treibender und immens wichtiger Faktor	ein entscheidender Einfluss auf eine Entwicklung	form::redewendung func::produktion topic::besonderes_und_gewöhnliches level::c2 source::erkundungen::c2::k6 card::chunk
мгновенно оценивать кого-либо по какому-либо признаку	jemanden blitzschnell nach etwas abscannen	ugs.: eine Person sofort auf Kriterien prüfen	form::redewendung func::produktion topic::besonderes_und_gewöhnliches level::c2 source::erkundungen::c2::k6 card::chunk
совпадать с чем-либо	mit etwas übereinstimmen	dieselben Merkmale aufweisen	form::redewendung func::produktion topic::besonderes_und_gewöhnliches level::c2 source::erkundungen::c2::k6 card::chunk
разделять одни и те же ценности	dieselben Wertvorstellungen vertreten	in grundlegenden Überzeugungen ähnlich sein	form::redewendung func::produktion topic::besonderes_und_gewöhnliches level::c2 source::erkundungen::c2::k6 card::chunk
с тенденцией к росту	mit steigender Tendenz	die Entwicklung zeigt nach oben	form::redewendung func::produktion topic::besonderes_und_gewöhnliches level::c2 source::erkundungen::c2::k6 card::chunk
готовность, по-видимому, растёт	die Bereitschaft scheint zu steigen	immer mehr Menschen wirken dazu gewillt	form::redewendung func::produktion topic::besonderes_und_gewöhnliches level::c2 source::erkundungen::c2::k6 card::chunk
немного помочь счастью	dem Glück auf die Sprünge helfen	die günstige Entwicklung aktiv fördern	form::redewendung func::produktion topic::besonderes_und_gewöhnliches level::c2 source::erkundungen::c2::k6 card::chunk
одинокие сердца	einsame Herzen	Menschen auf Partnersuche	form::redewendung func::produktion topic::besonderes_und_gewöhnliches level::c2 source::erkundungen::c2::k6 card::chunk
предложить кому-либо включить его анкету в альбом одиноких людей	jemandem die Aufnahme in ein Single-Sammelalbum anbieten	eine Person in eine Partnerkartei übernehmen wollen	form::redewendung func::produktion topic::besonderes_und_gewöhnliches level::c2 source::erkundungen::c2::k6 card::chunk
сводить людей по наитию	jemanden nach Gefühl verkuppeln	ohne festes System einen Partner vermitteln	form::redewendung func::produktion topic::besonderes_und_gewöhnliches level::c2 source::erkundungen::c2::k6 card::chunk
привести к постоянным отношениям	zu einer festen Beziehung führen	eine dauerhafte Partnerschaft entstehen lassen	form::redewendung func::produktion topic::besonderes_und_gewöhnliches level::c2 source::erkundungen::c2::k6 card::chunk
впечатляющий показатель	eine beachtliche Quote	ein überraschend hoher Anteil	form::redewendung func::produktion topic::besonderes_und_gewöhnliches level::c2 source::erkundungen::c2::k6 card::chunk
разместить объявление о поиске человека	eine Suchanzeige aufgeben	eine öffentliche Kontaktmeldung veröffentlichen	form::redewendung func::produktion topic::besonderes_und_gewöhnliches level::c2 source::erkundungen::c2::k6 card::chunk
вызвать у кого-либо улыбку	jemanden zum Lächeln bringen	eine Person freundlich erheitern	form::redewendung func::produktion topic::besonderes_und_gewöhnliches level::c2 source::erkundungen::c2::k6 card::chunk
любовь с первого взгляда	Liebe auf den ersten Blick	sofortige romantische Anziehung	form::redewendung func::produktion topic::besonderes_und_gewöhnliches level::c2 source::erkundungen::c2::k6 card::chunk
самому пережить что-либо	jemandem selbst widerfahren	einer Person persönlich geschehen	form::redewendung func::produktion topic::besonderes_und_gewöhnliches level::c2 source::erkundungen::c2::k6 card::chunk
влюбиться без памяти	sich Hals über Kopf vergucken	sich sehr plötzlich und heftig verlieben	form::redewendung func::produktion topic::besonderes_und_gewöhnliches level::c2 source::erkundungen::c2::k6 card::chunk
быть восприимчивым к визуальным стимулам	für visuelle Reize empfänglich sein	stark auf optische Eindrücke reagieren	form::redewendung func::produktion topic::besonderes_und_gewöhnliches level::c2 source::erkundungen::c2::k6 card::chunk
дольше взвешивать все за и против	länger abwägen	mehr Zeit für eine Entscheidung benötigen	form::redewendung func::produktion topic::besonderes_und_gewöhnliches level::c2 source::erkundungen::c2::k6 card::chunk
нередко происходит обратное	das Gegenteil tritt häufig ein	oft geschieht genau das Umgekehrte	form::redewendung func::produktion topic::besonderes_und_gewöhnliches level::c2 source::erkundungen::c2::k6 card::chunk
поначалу не находить кого-либо привлекательным	jemanden anfangs nicht anziehend finden	eine Person zunächst unattraktiv wahrnehmen	form::redewendung func::produktion topic::besonderes_und_gewöhnliches level::c2 source::erkundungen::c2::k6 card::chunk
неоднократно сталкиваться с одними и теми же стимулами	immer wieder mit Reizen konfrontiert werden	wiederholt denselben Eindrücken ausgesetzt sein	form::redewendung func::produktion topic::besonderes_und_gewöhnliches level::c2 source::erkundungen::c2::k6 card::chunk
превратиться в навязчивую мелодию	sich zum Ohrwurm entwickeln	nach häufigem Hören im Gedächtnis bleiben	form::redewendung func::produktion topic::besonderes_und_gewöhnliches level::c2 source::erkundungen::c2::k6 card::chunk
если момент подходящий	falls der Zeitpunkt passt	wenn die Umstände gerade günstig sind	form::redewendung func::produktion topic::besonderes_und_gewöhnliches level::c2 source::erkundungen::c2::k6 card::chunk
не связывать что-либо с истинными причинами	etwas nicht auf die wahren Ursachen zurückführen	einen Effekt fälschlich anders erklären	form::redewendung func::produktion topic::besonderes_und_gewöhnliches level::c2 source::erkundungen::c2::k6 card::chunk
переносить что-либо на кого-либо	etwas auf jemanden übertragen	eine Empfindung irrtümlich einer Person zuschreiben	form::redewendung func::produktion topic::besonderes_und_gewöhnliches level::c2 source::erkundungen::c2::k6 card::chunk
адреналин бурлит в крови	Adrenalin braust durch den Körper	ein Hormon versetzt den Organismus in Erregung	form::redewendung func::produktion topic::besonderes_und_gewöhnliches level::c2 source::erkundungen::c2::k6 card::chunk
быть психологически готовым подпустить кого-либо к себе	psychisch bereit sein, jemanden an sich heranzulassen	emotional offen für Nähe sein	form::redewendung func::produktion topic::besonderes_und_gewöhnliches level::c2 source::erkundungen::c2::k6 card::chunk
быть вырванным из привычного окружения	aus vertrauten Zusammenhängen herausgerissen werden	plötzlich den gewohnten Kontext verlieren	form::redewendung func::produktion topic::besonderes_und_gewöhnliches level::c2 source::erkundungen::c2::k6 card::chunk
быть вынужденным заново сориентироваться	sich neu orientieren müssen	einen neuen Platz im Leben suchen	form::redewendung func::produktion topic::besonderes_und_gewöhnliches level::c2 source::erkundungen::c2::k6 card::chunk
лучше противостоять болезням	sich besser gegen Krankheiten wehren können	eine stärkere Immunabwehr besitzen	form::redewendung func::produktion topic::besonderes_und_gewöhnliches level::c2 source::erkundungen::c2::k6 card::chunk
повышать доверие к другому человеку	das Vertrauen in den anderen erhöhen	die Zuversicht in eine Person vergrößern	form::redewendung func::produktion topic::besonderes_und_gewöhnliches level::c2 source::erkundungen::c2::k6 card::chunk
укреплять эмоциональную связь	die Bindung stärken	eine Partnerschaft stabiler machen	form::redewendung func::produktion topic::besonderes_und_gewöhnliches level::c2 source::erkundungen::c2::k6 card::chunk
участки мозга отключены	Gehirnareale sind stillgelegt	bestimmte neuronale Regionen bleiben inaktiv	form::redewendung func::produktion topic::besonderes_und_gewöhnliches level::c2 source::erkundungen::c2::k6 card::chunk
критически оценивать других	andere kritisch beurteilen	Mitmenschen streng einschätzen	form::redewendung func::produktion topic::besonderes_und_gewöhnliches level::c2 source::erkundungen::c2::k6 card::chunk
быть не созданным для непрерывного любовного опьянения	nicht für einen fortwährenden Liebesrausch gemacht sein	ein romantischer Ausnahmezustand kann nicht dauerhaft sein	form::redewendung func::produktion topic::besonderes_und_gewöhnliches level::c2 source::erkundungen::c2::k6 card::chunk
ощущение бабочек в животе угасает	das Schmetterlingsgefühl versickert	die anfängliche romantische Euphorie verschwindet	form::redewendung func::produktion topic::besonderes_und_gewöhnliches level::c2 source::erkundungen::c2::k6 card::chunk
сменить состояние влюблённости	an die Stelle der Verliebtheit treten	die erste romantische Phase ersetzen	form::redewendung func::produktion topic::besonderes_und_gewöhnliches level::c2 source::erkundungen::c2::k6 card::chunk
сохраниться на всю оставшуюся жизнь	für den Rest des Lebens halten	dauerhaft bis zum Tod bestehen	form::redewendung func::produktion topic::besonderes_und_gewöhnliches level::c2 source::erkundungen::c2::k6 card::chunk
влюбиться безоговорочно	sich vorbehaltlos verlieben	ohne innere Zweifel Gefühle entwickeln	form::redewendung func::produktion topic::besonderes_und_gewöhnliches level::c2 source::erkundungen::c2::k6 card::chunk
важнейшие жизненные вопросы	entscheidende Lebensfragen	grundlegende Themen der eigenen Existenz	form::redewendung func::produktion topic::besonderes_und_gewöhnliches level::c2 source::erkundungen::c2::k6 card::chunk
бросить кого-либо через приложение	jemanden online abschießen	ugs.: eine Beziehung digital beenden	form::redewendung func::produktion topic::besonderes_und_gewöhnliches level::c2 source::erkundungen::c2::k6 card::chunk
что-либо пошло не так	etwas ist schiefgegangen	ein Vorhaben ist misslungen	form::redewendung func::produktion topic::besonderes_und_gewöhnliches level::c2 source::erkundungen::c2::k6 card::chunk
представлять что-либо в странном свете	ein eigenartiges Licht auf etwas werfen	einen befremdlichen Eindruck davon vermitteln	form::redewendung func::produktion topic::besonderes_und_gewöhnliches level::c2 source::erkundungen::c2::k6 card::chunk
шутливое прощальное послание	ein launiger Abschiedssermon	eine humorvolle längere Trennungsrede	form::redewendung func::produktion topic::besonderes_und_gewöhnliches level::c2 source::erkundungen::c2::k6 card::chunk
по желанию	auf Wunsch	wenn es ausdrücklich gewollt ist	form::redewendung func::produktion topic::besonderes_und_gewöhnliches level::c2 source::erkundungen::c2::k6 card::chunk
объявить новость	eine Neuigkeit verkünden	etwas Neues öffentlich bekannt geben	form::redewendung func::produktion topic::besonderes_und_gewöhnliches level::c2 source::erkundungen::c2::k6 card::chunk
требовать доступ ко всем контактам	Zugriff auf alle Kontakte verlangen	alle gespeicherten Adressen einsehen wollen	form::redewendung func::produktion topic::besonderes_und_gewöhnliches level::c2 source::erkundungen::c2::k6 card::chunk
иметь роковые последствия	fatale Folgen haben	schwerwiegende negative Auswirkungen verursachen	form::redewendung func::produktion topic::besonderes_und_gewöhnliches level::c2 source::erkundungen::c2::k6 card::chunk
больше не хотеть иметь с кем-либо ничего общего	nichts mehr mit jemandem zu tun haben wollen	jeden weiteren Kontakt ablehnen	form::redewendung func::produktion topic::besonderes_und_gewöhnliches level::c2 source::erkundungen::c2::k6 card::chunk
иметь виды только на деньги другого человека	es nur auf das Geld des anderen abgesehen haben	eine Beziehung aus finanziellen Motiven führen	form::redewendung func::produktion topic::besonderes_und_gewöhnliches level::c2 source::erkundungen::c2::k6 card::chunk
выставлять кого-либо напоказ как свой трофей	sich mit jemandem schmücken	eine Person zur eigenen Aufwertung präsentieren	form::redewendung func::produktion topic::besonderes_und_gewöhnliches level::c2 source::erkundungen::c2::k6 card::chunk
чувствовать себя на седьмом небе	sich himmelhoch jauchzend fühlen	überglücklich sein	form::redewendung func::produktion topic::besonderes_und_gewöhnliches level::c2 source::erkundungen::c2::k6 card::chunk
быть убитым горем	zu Tode betrübt sein	extrem traurig sein	form::redewendung func::produktion topic::besonderes_und_gewöhnliches level::c2 source::erkundungen::c2::k6 card::chunk
не остаться без должного внимания	nicht zu kurz kommen	ausreichend berücksichtigt werden	form::redewendung func::produktion topic::besonderes_und_gewöhnliches level::c2 source::erkundungen::c2::k6 card::chunk
занимать важное место	einen hohen Stellenwert einnehmen	stark priorisiert werden	form::redewendung func::produktion topic::besonderes_und_gewöhnliches level::c2 source::erkundungen::c2::k6 card::chunk
дать представление о том, какие приоритеты кто-либо выбрал бы	Aufschluss darüber geben, welche Prioritäten jemand setzen würde	erkennen lassen, was einer Person besonders wichtig wäre	form::redewendung func::produktion topic::besonderes_und_gewöhnliches level::c2 source::erkundungen::c2::k6 card::chunk
оказаться в незавидном положении	nicht zu beneiden sein	in einer schwierigen Situation stecken	form::redewendung func::produktion topic::besonderes_und_gewöhnliches level::c2 source::erkundungen::c2::k6 card::chunk
считать что-либо уже почти достижимым	etwas in Reichweite wähnen	glauben, das Ziel sei fast erreicht	form::redewendung func::produktion topic::besonderes_und_gewöhnliches level::c2 source::erkundungen::c2::k6 card::chunk
споткнуться о рекламную поэзию продавцов недвижимости	über die Immobilien-Lyrik der Anbieter stolpern	von beschönigenden Verkaufsformulierungen irritiert werden	form::redewendung func::produktion topic::besonderes_und_gewöhnliches level::c2 source::erkundungen::c2::k6 card::chunk
речь идёт о чём-либо	von etwas ist die Rede	ein Thema wird erwähnt	form::redewendung func::produktion topic::besonderes_und_gewöhnliches level::c2 source::erkundungen::c2::k6 card::chunk
важно не столько что-либо	es kommt weniger auf etwas an	dieser Punkt ist nicht entscheidend	form::redewendung func::produktion topic::besonderes_und_gewöhnliches level::c2 source::erkundungen::c2::k6 card::chunk
покатываться со смеху	sich vor Lachen kugeln	sich sehr heftig amüsieren	form::redewendung func::produktion topic::besonderes_und_gewöhnliches level::c2 source::erkundungen::c2::k6 card::chunk
попасться на что-либо, поверить обману	auf etwas hereinfallen	eine Täuschung nicht erkennen	form::redewendung func::produktion topic::besonderes_und_gewöhnliches level::c2 source::erkundungen::c2::k6 card::chunk
получить горький опыт	eine bittere Erfahrung machen	durch ein negatives Erlebnis lernen	form::redewendung func::produktion topic::besonderes_und_gewöhnliches level::c2 source::erkundungen::c2::k6 card::chunk
что-либо раскрывается, выходит наружу	etwas kommt ans Licht	etwas Verborgenes wird bekannt	form::redewendung func::produktion topic::besonderes_und_gewöhnliches level::c2 source::erkundungen::c2::k6 card::chunk
ложиться на покупателя	zu Lasten des Käufers gehen	die erwerbende Person muss den Nachteil tragen	form::redewendung func::produktion topic::besonderes_und_gewöhnliches level::c2 source::erkundungen::c2::k6 card::chunk
разобраться в собственных потребностях	sich über die eigenen Bedürfnisse klar werden	erkennen, was man selbst wirklich benötigt	form::redewendung func::produktion topic::besonderes_und_gewöhnliches level::c2 source::erkundungen::c2::k6 card::chunk
быть проданным из рук в руки, без огласки	unter der Hand weggehen	ohne öffentliche Ausschreibung verkauft werden	form::redewendung func::produktion topic::besonderes_und_gewöhnliches level::c2 source::erkundungen::c2::k6 card::chunk
относиться к чему-либо с осторожностью	mit Vorsicht zu genießen sein	etwas mit Skepsis betrachten	form::redewendung func::produktion topic::besonderes_und_gewöhnliches level::c2 source::erkundungen::c2::k6 card::chunk
о дорогах нет ни слова	von Straßen keine Rede	dieser Aspekt wird vollständig verschwiegen	form::redewendung func::produktion topic::besonderes_und_gewöhnliches level::c2 source::erkundungen::c2::k6 card::chunk
придавать большое значение стилю своего жилья	auf den Stil seiner Behausung Wert legen	die Gestaltung des Zuhauses wichtig finden	form::redewendung func::produktion topic::besonderes_und_gewöhnliches level::c2 source::erkundungen::c2::k6 card::chunk
вызывать подозрение в чём-либо	den Verdacht auf etwas aufkommen lassen	Misstrauen gegenüber einer Sache erzeugen	form::redewendung func::produktion topic::besonderes_und_gewöhnliches level::c2 source::erkundungen::c2::k6 card::chunk
звучат тревожные сигналы	die Alarmglocken schrillen	es gibt deutliche Warnzeichen	form::redewendung func::produktion topic::besonderes_und_gewöhnliches level::c2 source::erkundungen::c2::k6 card::chunk
сменить кого-либо в роли ведущей экономической державы	jemanden als führende Wirtschaftsmacht ablösen	die Spitzenposition eines Landes übernehmen	form::redewendung func::produktion topic::besonderes_und_gewöhnliches level::c2 source::erkundungen::c2::k6 card::chunk
преобразовать по английскому образцу	nach englischem Vorbild umgestalten	sich bei einer Reform am britischen Modell orientieren	form::redewendung func::produktion topic::besonderes_und_gewöhnliches level::c2 source::erkundungen::c2::k6 card::chunk
возглавить учебное заведение	die Leitung einer Schule übernehmen	für eine Bildungseinrichtung verantwortlich werden	form::redewendung func::produktion topic::besonderes_und_gewöhnliches level::c2 source::erkundungen::c2::k6 card::chunk
выгодно подчеркнуть положение на европейском рынке	die Stellung auf dem europäischen Markt zur Geltung bringen	die wirtschaftliche Position sichtbar hervorheben	form::redewendung func::produktion topic::besonderes_und_gewöhnliches level::c2 source::erkundungen::c2::k6 card::chunk
исходя из теоретических размышлений о культуре	aus kulturtheoretischen Überlegungen heraus	durch entsprechende Gedanken motiviert	form::redewendung func::produktion topic::besonderes_und_gewöhnliches level::c2 source::erkundungen::c2::k6 card::chunk
единый немецкий язык художественного оформления	eine einheitliche deutsche Stilsprache	eine gemeinsame gestalterische Ausdrucksform	form::redewendung func::produktion topic::besonderes_und_gewöhnliches level::c2 source::erkundungen::c2::k6 card::chunk
разработать весь ассортимент продукции	die gesamte Produktpalette entwerfen	alle angebotenen Erzeugnisse gestalten	form::redewendung func::produktion topic::besonderes_und_gewöhnliches level::c2 source::erkundungen::c2::k6 card::chunk
формируется контрдвижение	eine Gegenbewegung formiert sich	eine oppositionelle Strömung entsteht	form::redewendung func::produktion topic::besonderes_und_gewöhnliches level::c2 source::erkundungen::c2::k6 card::chunk
в кратчайшие сроки основать художественную школу	innerhalb kürzester Zeit eine Kunstschule ins Leben rufen	sehr schnell eine neue Institution gründen	form::redewendung func::produktion topic::besonderes_und_gewöhnliches level::c2 source::erkundungen::c2::k6 card::chunk
вернуть что-либо к ремесленным основам	etwas zum Handwerk zurückführen	wieder an praktische Fertigung anbinden	form::redewendung func::produktion topic::besonderes_und_gewöhnliches level::c2 source::erkundungen::c2::k6 card::chunk
не видеть сущностной разницы между двумя вещами	keinen Wesensunterschied zwischen zwei Dingen sehen	beides im Kern für gleich halten	form::redewendung func::produktion topic::besonderes_und_gewöhnliches level::c2 source::erkundungen::c2::k6 card::chunk
отсылка к чему-либо, заимствование из чего-либо	eine Anlehnung an etwas	eine bewusste Orientierung an einem Vorbild	form::redewendung func::produktion topic::besonderes_und_gewöhnliches level::c2 source::erkundungen::c2::k6 card::chunk
ознакомить кого-либо со свойствами материалов	jemanden mit der Beschaffenheit von Materialien vertraut machen	einer Person physische Werkstoffeigenschaften vermitteln	form::redewendung func::produktion topic::besonderes_und_gewöhnliches level::c2 source::erkundungen::c2::k6 card::chunk
непосредственно связать ремесло и художественное оформление с практикой	Handwerk und künstlerische Gestaltung direkt mit der Praxis verbinden	Kunst und Herstellung praktisch zusammenführen	form::redewendung func::produktion topic::besonderes_und_gewöhnliches level::c2 source::erkundungen::c2::k6 card::chunk
пойти в промышленное массовое производство	in die industrielle Massenproduktion gehen	in großer Stückzahl gefertigt werden	form::redewendung func::produktion topic::besonderes_und_gewöhnliches level::c2 source::erkundungen::c2::k6 card::chunk
полностью подчиняться функциональности	sich komplett der Funktionalität unterordnen	den praktischen Zweck über alles stellen	form::redewendung func::produktion topic::besonderes_und_gewöhnliches level::c2 source::erkundungen::c2::k6 card::chunk
сердцевина образовательной программы	das Herzstück der Ausbildung	der zentrale Bestandteil des Lehrkonzepts	form::redewendung func::produktion topic::besonderes_und_gewöhnliches level::c2 source::erkundungen::c2::k6 card::chunk
под руководством архитекторов Баухауса	unter Federführung von Bauhaus-Architekten	von diesen Fachleuten maßgeblich geleitet	form::redewendung func::produktion topic::besonderes_und_gewöhnliches level::c2 source::erkundungen::c2::k6 card::chunk
встретить одобрение	auf Gegenliebe stoßen	positiv aufgenommen werden	form::redewendung func::produktion topic::besonderes_und_gewöhnliches level::c2 source::erkundungen::c2::k6 card::chunk
вызывать полярные мнения	die Geister scheiden sich an etwas	die Meinungen darüber gehen stark auseinander	form::redewendung func::produktion topic::besonderes_und_gewöhnliches level::c2 source::erkundungen::c2::k6 card::chunk
быть бельмом на глазу у кого-либо	jemandem ein Dorn im Auge sein	eine Person stark stören oder ärgern	form::redewendung func::produktion topic::besonderes_und_gewöhnliches level::c2 source::erkundungen::c2::k6 card::chunk
поглощать огромные суммы денег	enorm viel Geld verschlingen	außerordentlich teuer sein	form::redewendung func::produktion topic::besonderes_und_gewöhnliches level::c2 source::erkundungen::c2::k6 card::chunk
всё-таки решиться на что-либо	sich zu etwas durchringen	nach innerem Widerstand zustimmen	form::redewendung func::produktion topic::besonderes_und_gewöhnliches level::c2 source::erkundungen::c2::k6 card::chunk
соответствовать социальным потребностям	den sozialen Erfordernissen gerecht werden	die gesellschaftlichen Anforderungen erfüllen	form::redewendung func::produktion topic::besonderes_und_gewöhnliches level::c2 source::erkundungen::c2::k6 card::chunk
утратить часть истории и идентичности	ein Stück Geschichte und Identität verlieren	einen Teil des kulturellen Selbstverständnisses einbüßen	form::redewendung func::produktion topic::besonderes_und_gewöhnliches level::c2 source::erkundungen::c2::k6 card::chunk
взять что-либо под охрану как памятник архитектуры	etwas unter Denkmalschutz stellen	ein Bauwerk gesetzlich vor Abriss schützen	form::redewendung func::produktion topic::besonderes_und_gewöhnliches level::c2 source::erkundungen::c2::k6 card::chunk
давать два преимущества	zwei Vorteile mit sich bringen	in zweifacher Hinsicht nützlich sein	form::redewendung func::produktion topic::besonderes_und_gewöhnliches level::c2 source::erkundungen::c2::k6 card::chunk
увеличивать объём кратковременной памяти	die Merkspanne erweitern	mehr Inhalte gleichzeitig behalten können	form::redewendung func::produktion topic::besonderes_und_gewöhnliches level::c2 source::erkundungen::c2::k6 card::chunk
помещать информацию в оперативную память	Informationen im Arbeitsspeicher unterbringen	Daten kurzfristig mental speichern	form::redewendung func::produktion topic::besonderes_und_gewöhnliches level::c2 source::erkundungen::c2::k6 card::chunk
взвешивать различные точки зрения	unterschiedliche Standpunkte abwägen	mehrere Positionen sorgfältig vergleichen	form::redewendung func::produktion topic::besonderes_und_gewöhnliches level::c2 source::erkundungen::c2::k6 card::chunk
побуждать кого-либо тренироваться	jemanden zum Üben anhalten	eine Person zu regelmäßigem Training auffordern	form::redewendung func::produktion topic::besonderes_und_gewöhnliches level::c2 source::erkundungen::c2::k6 card::chunk
лишать кого-либо детства	jemandem die Kindheit nehmen	eine frühe Lebensphase durch Leistungsdruck zerstören	form::redewendung func::produktion topic::besonderes_und_gewöhnliches level::c2 source::erkundungen::c2::k6 card::chunk
принуждать кого-либо сделать что-либо	jemanden dazu drängen, etwas zu tun	eine Person stark unter Handlungsdruck setzen	form::redewendung func::produktion topic::besonderes_und_gewöhnliches level::c2 source::erkundungen::c2::k6 card::chunk
иметь чётко различимую структуру	eine deutlich erkennbare Gliederung vorweisen	inhaltlich klar aufgebaut sein	form::redewendung func::produktion topic::besonderes_und_gewöhnliches level::c2 source::erkundungen::c2::k6 card::chunk
придавать цитатам разный вес	Zitate unterschiedlich gewichten	nicht jede Textstelle gleich stark berücksichtigen	form::redewendung func::produktion topic::besonderes_und_gewöhnliches level::c2 source::erkundungen::c2::k6 card::chunk
стараться использовать подходящую лексику	sich um einen adäquaten Wortschatz bemühen	auf eine passende Ausdrucksweise achten	form::redewendung func::produktion topic::besonderes_und_gewöhnliches level::c2 source::erkundungen::c2::k6 card::chunk
использовать разнообразные средства связи между предложениями	variationsreiche Satzverknüpfungen verwenden	Gedanken sprachlich abwechslungsreich verbinden	form::redewendung func::produktion topic::besonderes_und_gewöhnliches level::c2 source::erkundungen::c2::k6 card::chunk
подробно рассматривать какой-либо вопрос	sich mit einer Frage auseinandersetzen	ein Thema kritisch bearbeiten	form::redewendung func::produktion topic::besonderes_und_gewöhnliches level::c2 source::erkundungen::c2::k6 card::chunk
перейти к рассмотрению какого-либо вопроса	sich einer Frage zuwenden	mit dem nächsten Thema beginnen	form::redewendung func::produktion topic::besonderes_und_gewöhnliches level::c2 source::erkundungen::c2::k6 card::chunk
добавить упущенный аспект	einen Aspekt nachtragen	einen zuvor vergessenen Punkt ergänzen	form::redewendung func::produktion topic::besonderes_und_gewöhnliches level::c2 source::erkundungen::c2::k6 card::chunk
логический вывод состоит в том, что…	die logische Schlussfolgerung ist, dass ...	daraus folgt zwingend	form::redewendung func::produktion topic::besonderes_und_gewöhnliches level::c2 source::erkundungen::c2::k6 card::chunk
невзирая на это	ungeachtet dessen	trotz des zuvor Gesagten	form::redewendung func::produktion topic::besonderes_und_gewöhnliches level::c2 source::erkundungen::c2::k6 card::chunk
тем не менее	nichtsdestotrotz	trotzdem in formeller Sprache	form::redewendung func::produktion topic::besonderes_und_gewöhnliches level::c2 source::erkundungen::c2::k6 card::chunk
для кого-либо решающим является что-либо	für jemanden ist etwas ausschlaggebend	dieser Punkt bestimmt die Entscheidung	form::redewendung func::produktion topic::besonderes_und_gewöhnliches level::c2 source::erkundungen::c2::k6 card::chunk
следует особо подчеркнуть ещё один аспект	hervorzuheben ist noch ein weiterer Gesichtspunkt	einen zusätzlichen Punkt besonders betonen	form::redewendung func::produktion topic::besonderes_und_gewöhnliches level::c2 source::erkundungen::c2::k6 card::chunk
не разделять определённую точку зрения	eine Ansicht nicht teilen	mit einer Auffassung nicht einverstanden sein	form::redewendung func::produktion topic::besonderes_und_gewöhnliches level::c2 source::erkundungen::c2::k6 card::chunk
привести что-либо в качестве контраргумента	etwas als Gegenargument anführen	einen Einwand zur Widerlegung nennen	form::redewendung func::produktion topic::besonderes_und_gewöhnliches level::c2 source::erkundungen::c2::k6 card::chunk
иметь большое значение	von großer Bedeutung sein	besonders wichtig sein	form::redewendung func::produktion topic::besonderes_und_gewöhnliches level::c2 source::erkundungen::c2::k6 card::chunk
в обществе бытует мнение, что…	in der Öffentlichkeit herrscht die Meinung, dass	viele Menschen vertreten diese Auffassung	form::redewendung func::produktion topic::besonderes_und_gewöhnliches level::c2 source::erkundungen::c2::k6 card::chunk
дать чёткое определение понятию	einen Begriff klar definieren	die genaue Bedeutung festlegen	form::redewendung func::produktion topic::besonderes_und_gewöhnliches level::c2 source::erkundungen::c2::k6 card::chunk
отождествлять себя с цитатой	sich mit einem Zitat identifizieren	einer fremden Aussage innerlich zustimmen	form::redewendung func::produktion topic::besonderes_und_gewöhnliches level::c2 source::erkundungen::c2::k6 card::chunk
подкрепить утверждение примерами	eine Aussage anhand von Beispielen untermauern	die Behauptung durch konkrete Fälle stützen	form::redewendung func::produktion topic::besonderes_und_gewöhnliches level::c2 source::erkundungen::c2::k6 card::chunk
внести предложения	Vorschläge unterbreiten	konkrete Ideen offiziell präsentieren	form::redewendung func::produktion topic::besonderes_und_gewöhnliches level::c2 source::erkundungen::c2::k6 card::chunk
не представлять собой ничего из ряда вон выходящего	nichts Weltbewegendes sein	völlig alltäglich und unspektakulär wirken	form::redewendung func::produktion topic::besonderes_und_gewöhnliches level::c2 source::erkundungen::c2::k6 card::chunk
явно выходить за привычные рамки	deutlich aus dem Rahmen fallen	außergewöhnlich stark vom Normalen abweichen	form::redewendung func::produktion topic::besonderes_und_gewöhnliches level::c2 source::erkundungen::c2::k6 card::chunk
вызвать полицию	die Polizei einschalten	die Sicherheitsbehörde hinzuziehen	form::redewendung func::produktion topic::besonderes_und_gewöhnliches level::c2 source::erkundungen::c2::k6 card::chunk
сделать самое очевидное	das Naheliegende tun	die logischste Maßnahme wählen	form::redewendung func::produktion topic::besonderes_und_gewöhnliches level::c2 source::erkundungen::c2::k6 card::chunk
происходить из добычи после ограбления	aus einem Raubzug stammen	durch eine kriminelle Beuteaktion erworben worden sein	form::redewendung func::produktion topic::besonderes_und_gewöhnliches level::c2 source::erkundungen::c2::k6 card::chunk
установить владельца	einen Eigentümer ermitteln	die besitzende Person identifizieren	form::redewendung func::produktion topic::besonderes_und_gewöhnliches level::c2 source::erkundungen::c2::k6 card::chunk
обратиться к общественности	an die Öffentlichkeit gehen	einen Fall allgemein bekannt machen	form::redewendung func::produktion topic::besonderes_und_gewöhnliches level::c2 source::erkundungen::c2::k6 card::chunk
в надежде, что…	in der Hoffnung, dass	mit der Erwartung eines positiven Ausgangs	form::redewendung func::produktion topic::besonderes_und_gewöhnliches level::c2 source::erkundungen::c2::k6 card::chunk
заявить права на что-либо	Anspruch auf etwas erheben	offiziell erklären, dass einem etwas zusteht	form::redewendung func::produktion topic::besonderes_und_gewöhnliches level::c2 source::erkundungen::c2::k6 card::chunk
отсеять желающих воспользоваться чужим успехом	Trittbrettfahrer aussortieren	unberechtigte Nutznießer erkennen und ausschließen	form::redewendung func::produktion topic::besonderes_und_gewöhnliches level::c2 source::erkundungen::c2::k6 card::chunk
законным путём получить деньги и золото	rechtmäßig an Geld und Gold kommen	die Wertsachen legal erwerben	form::redewendung func::produktion topic::besonderes_und_gewöhnliches level::c2 source::erkundungen::c2::k6 card::chunk
сорить деньгами	Geld mit vollen Händen ausgeben	verschwenderisch große Summen verbrauchen	form::redewendung func::produktion topic::besonderes_und_gewöhnliches level::c2 source::erkundungen::c2::k6 card::chunk
быть на мели	pleite sein	ugs.: kein Geld mehr besitzen	form::redewendung func::produktion topic::besonderes_und_gewöhnliches level::c2 source::erkundungen::c2::k6 card::chunk
заговорить с кем-либо о чём-либо	jemanden auf etwas ansprechen	ein bestimmtes Thema direkt zur Sprache bringen	form::redewendung func::produktion topic::besonderes_und_gewöhnliches level::c2 source::erkundungen::c2::k6 card::chunk
быть досрочно освобождённым из тюрьмы за хорошее поведение	wegen guter Führung vorzeitig aus dem Gefängnis entlassen werden	als Belohnung für korrektes Verhalten früher freikommen	form::redewendung func::produktion topic::besonderes_und_gewöhnliches level::c2 source::erkundungen::c2::k6 card::chunk
дойти до чьих-либо ушей	jemandem zu Ohren kommen	eine Information zufällig erfahren	form::redewendung func::produktion topic::besonderes_und_gewöhnliches level::c2 source::erkundungen::c2::k6 card::chunk
скрыться с деньгами	sich mit Geld aus dem Staub machen	ugs.: mit der Beute fliehen	form::redewendung func::produktion topic::besonderes_und_gewöhnliches level::c2 source::erkundungen::c2::k6 card::chunk
