etwas für das oberste moralische Gebot halten	64	A3	redewendung
jemandem psychischen Halt geben	64	A3	redewendung
an erster Stelle stehen	64	A3	redewendung
die Wahrheit frisieren	64	A3	redewendung
jemandem die Möglichkeit eröffnen, etwas zu tun	64	A3	redewendung
einer Konfrontation kampflos ausweichen	64	A3	redewendung
jemandem Kummer ersparen	64	A3	redewendung
ziemlich alleine dastehen	64	A3	redewendung
Gründe vorschieben	64	A3	redewendung
einen Seitensprung verschweigen	64	A3	redewendung
jemandes Vertrauen missbrauchen	64	A3	redewendung
jemandem etwas zutrauen	64	A3	redewendung
sein Selbstwertgefühl auf Illusionen aufbauen	64	A3	redewendung
falsche Tatsachen vorspiegeln	64	A3	redewendung
sich als Hochstapler betätigen	64	A3	redewendung
sich raffiniert anstellen	64	A3	redewendung
sich in jemanden hineinversetzen	64	A3	redewendung
jemandem eine Geschichte auftischen	64	A3	redewendung
darauf abzielen, etwas zu tun	64	A3	redewendung
das Salz des Lebens sein	64	A3	redewendung
jemandem Märchen erzählen	66	A5c	redewendung
jemandem einen Bären aufbinden	66	A5c	redewendung
jemanden in den April schicken	66	A5c	redewendung
jemandem ein X für ein U vormachen	66	A5c	redewendung
jemandem die Hucke volllügen	66	A5c	redewendung
sich in die eigene Tasche lügen	66	A5c	redewendung
lügen, dass sich die Balken biegen	66	A5c	redewendung
das Blaue vom Himmel herunterlügen	66	A5c	redewendung
die Hemmschwelle zum Lügen herabsetzen	66	A7	redewendung
zum Lügen neigen	67	A8	redewendung
jemanden zum Schummeln anstacheln	67	A8	redewendung
sich auf den Umgang mit der Wahrheit auswirken	67	A8	redewendung
an der Richtigkeit seiner Handlungen zweifeln	67	A8	redewendung
fast alle Hoffnung verlieren	68	Buchtipp	redewendung
jemandem Mut machen	68	Buchtipp	redewendung
die Kraft haben zu widerstehen	68	Buchtipp	redewendung
hart durchgreifen	68	A10	redewendung
etwas im Keim ersticken	68	A10	redewendung
für etwas in Frage kommen	68	A10	redewendung
den Eindruck erwecken, dass ...	68	A10	redewendung
eine Initiative geht von jemandem aus	68	A10	redewendung
eine Liste anführen	69	A11	redewendung
von größter Bedeutung sein	69	A11	redewendung
besonders gefragt sein	69	A11	redewendung
in einem Vorstellungsgespräch punkten	71	A14	redewendung
sich über etwas nicht einig sein	71	A14	redewendung
einen Milieucheck vornehmen	71	A14	redewendung
zu einem Unternehmen passen	71	A14	redewendung
sich selbst realistisch einschätzen	71	A14	redewendung
die wichtigsten Fakten knapp zusammenfassen	71	A14	redewendung
sich für einen Alleskönner halten	71	A14	redewendung
nur mit Worthülsen antworten	71	A14	redewendung
fester Bestandteil von etwas sein	71	A14	redewendung
sich durch eine Frage nicht aus der Ruhe bringen lassen	71	A14	redewendung
die richtigen Fähigkeiten mitbringen	71	A14	redewendung
Erfahrungen mit Anforderungen verknüpfen	71	A14	redewendung
Interesse an einer Weiterbildung bekunden	71	A14	redewendung
hohe Anforderungen an jemanden stellen	72	A16	redewendung
zu Rechthaberei neigen	72	A16	redewendung
Kritik an jemandem üben	72	A16	redewendung
sich einer dauerhaften Belastung aussetzen	72	A16	redewendung
eine Leistung erbringen	72	A16	redewendung
große Anstrengungen unternehmen	72	A16	redewendung
Lob ernten	72	A16	redewendung
zu Frustration führen	72	A16	redewendung
einen Beitrag zur Verschärfung des Drucks leisten	72	A16	redewendung
es kommt zu höheren Erwartungen an jemanden	72	A16	redewendung
etwas zieht negative Folgen nach sich	72	A16	redewendung
jemandem fällt eine Entscheidung schwer	73	A18	redewendung
eine Theorie aufstellen	73	A18	redewendung
ein permanentes Chaos anrichten	73	A18	redewendung
auf höhere Gewalt zurückzuführen sein	73	A18	redewendung
in puncto Selbstkontrolle	73	A18	redewendung
Macht sinnvoll einsetzen	75	A21	redewendung
Machtmissbrauch widerstehen	75	A22	redewendung
Macht zum eigenen Vorteil einsetzen	75	A22	redewendung
bewusst gegen etwas ankämpfen	75	A22	redewendung
Karriere machen	75	A22	redewendung
als böswilliger Versuch einer Demontage empfunden werden	75	A22	redewendung
einen Konkurrenten absägen	75	A22	redewendung
sich zunehmend von jemandem abgrenzen	75	A22	redewendung
zum inneren Zirkel zählen	75	A22	redewendung
pathologische Züge tragen	75	A22	redewendung
nichts Verwerfliches in etwas sehen	75	A22	redewendung
über die eigene Kraft hinausreichen	75	A22	redewendung
eine milde Form von Narzissmus	75	A22	redewendung
überhandnehmen	75	A22	redewendung
jemandem zu Kopf steigen	75	A22	redewendung
ein Unternehmen voranbringen	75	A22	redewendung
Distanz zur eigenen Person wahren	75	A22	redewendung
zu sich widersprechenden Ergebnissen kommen	76	A24	redewendung
gravierende Änderungen erfolgreich umsetzen	76	A24	redewendung
beruflich nicht weiterkommen	77	A25	redewendung
Der berufliche Aufstieg stagniert.	77	A25	redewendung
den Grund für etwas in etwas sehen	77	A25	redewendung
mikropolitische Strategien beherrschen	77	A25	redewendung
tragfähige Koalitionen bilden	77	A25	redewendung
psychologischen Druck ausüben	77	A25	redewendung
potenzielle Konkurrenten einschüchtern	77	A25	redewendung
sich den Weg nach oben erkämpfen	77	A25	redewendung
sich von der Konzentration auf etwas lösen	77	A25	redewendung
sich klug in Szene setzen	77	A25	redewendung
nützliche Allianzen schmieden	77	A25	redewendung
sich einen ausgezeichneten Ruf erarbeiten	79	B1	redewendung
tief in einer Kultur verwurzelt sein	79	B1	redewendung
für Tradition und Pioniergeist stehen	79	B1	redewendung
einer Verantwortung gerecht werden	79	B1	redewendung
Neuland betreten	79	B1	redewendung
jemandes Interesse wecken	79	B1	redewendung
eine strategische Weichenstellung	80	B1	redewendung
auf etwas neidisch sein	80	B2	redewendung
mit etwas hausieren gehen	80	B2	redewendung
von Herzen kommen	81	B2	redewendung
soziale Beziehungen festigen	81	B2	redewendung
jahrelang vor einer Entscheidung stehen	81	B2	redewendung
eine Entscheidung nach hinten verschieben	81	B2	redewendung
für die Selbstbewertung bedrohlich sein	81	B2	redewendung
geistig auf der Höhe sein	81	B2	redewendung
etwas im Nachhinein gedanklich korrigieren	81	B2	redewendung
etwas empirisch untermauern	81	B2	redewendung
etwas durch eigene Kraft erlangen	81	B2	redewendung
ein Anflug von Neid	81	B2	redewendung
einen Themenbezug herstellen	82	B3	redewendung
den Wissensstand referieren	82	B3	redewendung
etwas in seine Überlegungen einbeziehen	82	B3	redewendung
in Anlehnung an etwas	82	B3	redewendung
Daraus ergibt sich, dass ...	82	B3	redewendung
für jemanden ausschlaggebend sein	82	B3	redewendung
ein Gegenargument anführen	82	B3	redewendung
einen Gesichtspunkt hervorheben	82	B3	redewendung
eine Schlussfolgerung ziehen	82	B3	redewendung
sich rücksichtslos gegenüber anderen verhalten	83	C1	redewendung
sich besonderer Beliebtheit erfreuen	83	C1	redewendung
jemanden für einen egoistischen Einzelgänger halten	83	C1	redewendung
das eigene Wohl dem Wohl der Gemeinschaft unterordnen	84	C1	redewendung
von seinem guten Ruf profitieren	84	C1	redewendung
sich selbstlos für Gruppenmitglieder einsetzen	84	C1	redewendung
den Fortbestand einer Gemeinschaft gewährleisten	84	C1	redewendung
jemandem die gute Laune vermiesen	84	C2	redewendung
nach Zufriedenheit und Glück streben	84	C2	redewendung
an einer bisherigen Theorie zweifeln	84	C2	redewendung
zur Förderung des analytischen Denkens beitragen	85	C2	redewendung
sich unvorhergesehenen Umständen anpassen	85	C2	redewendung
von einem vorbereiteten Drehbuch abweichen	85	C2	redewendung
Klischees vertrauen	85	C2	redewendung
sich um seine Umwelt kümmern	85	C2	redewendung
zu Skeptizismus neigen	85	C2	redewendung
sich auf kurzzeitigen Trübsinn beziehen	85	C2	redewendung
auf der Suche nach jemandem sein	86	C3	redewendung
eine Vorauswahl treffen	86	C3	redewendung
seine Eignung unter Beweis stellen	86	C3	redewendung
Berücksichtigung finden	86	C3	redewendung
auf etwas Bezug nehmen	86	C3	redewendung
eine Lösung erarbeiten	86	C3	redewendung
eine Entscheidung treffen	86	C3	redewendung
Kontakt mit jemandem aufnehmen	86	C3	redewendung
einen Antrag stellen	86	C4	redewendung
einem Antrag zustimmen	86	C4	redewendung
sich mit jemandem in Verbindung setzen	86	C4	redewendung
jemandem Unterstützung zusichern	86	C4	redewendung
an Selbstbewusstsein gewinnen	86	C4	redewendung
seinen Standpunkt vertreten	86	C4	redewendung
Widerspruch gegen etwas einlegen	86	C4	redewendung
jemandem die Erlaubnis erteilen	86	C4	redewendung
einen Sieg erringen	86	C4	redewendung
an Bedeutung gewinnen	87	C5	redewendung
gravierende Führungsfehler begehen	87	C5	redewendung
jemanden zur Verantwortung ziehen	87	C6	redewendung
einen Personalwechsel in Erwägung ziehen	87	C6	redewendung
Maßnahmen gegen etwas ergreifen	87	C6	redewendung
Kompromisse mit jemandem schließen	87	C6	redewendung
über etwas Stillschweigen wahren	87	C6	redewendung
