die erbrachte Leistung widerspiegeln	90	A2	redewendung
etwa die Hälfte der Beurteilung ausmachen	90	A2	redewendung
eng miteinander korrelieren	90	A2	redewendung
von einer offenen Benachteiligung sprechen	90	A2	redewendung
sich auf die Noten auswirken	90	A2	redewendung
bei Leistungstests schlechter abschneiden	90	A2	redewendung
auf eine soziale Schicht schließen lassen	90	A2	redewendung
es in der Schule schwer haben	90	A2	redewendung
sich bei der Notenvergabe von etwas beeinflussen lassen	90	A2	redewendung
jemandem negative Eigenschaften zuschreiben	90	A2	redewendung
unabhängig vom sozialen Status	90	A2	redewendung
jemandem eine düstere Zukunft prophezeien	91	A3	redewendung
Schulnoten als Einstellungskriterium abschaffen	91	A3	redewendung
das Hauptaugenmerk auf etwas legen	91	A3	redewendung
an Bedeutung verlieren	91	A3	redewendung
auf ein Auswahlverfahren setzen	91	A3	redewendung
Vorrang vor Schulnoten haben	91	A3	redewendung
bestimmte Kenntnisse sind gefragt	91	A3	redewendung
einen gemeinsamen Nenner finden	91	A5	redewendung
zur Besinnung kommen	91	A5	redewendung
an mangelndem Einsatz liegen	91	A5	redewendung
nicht so gut abschneiden	91	A5	redewendung
eine ganze Reihe von Nachteilen	91	A5	redewendung
den Aufstieg in die nächste Klasse ermöglichen	91	A5	redewendung
ein bedrückendes Erlebnis sein	92	A5	redewendung
einen rapiden Abwärtstrend zeigen	92	A5	redewendung
mit den neuen Mitschülern mithalten	92	A5	redewendung
erhebliche Mehrkosten generieren	92	A5	redewendung
von individueller Förderung profitieren	92	A5	redewendung
eine strenge Auswahl findet statt	92	A5	redewendung
sich im Blitztempo durchsetzen	93	A6	redewendung
im Laufe der Zeit nachlassen	93	A6	redewendung
bis dato nicht gelöst sein	93	A6	redewendung
dringend erforderlich sein	93	A6	redewendung
unter starkem Druck stehen	93	A6	redewendung
um die Versetzung bangen	93	A6	redewendung
jemandem etwas in Aussicht stellen	93	A6	redewendung
in greifbarer Nähe sein	93	A6	redewendung
auf professionelle Nachhilfe setzen	93	A6	redewendung
sich etwas einiges kosten lassen	93	A6	redewendung
sich von etwas Erfolg erhoffen	93	A6	redewendung
auf die Idee kommen, etwas zu tun	94	A7	redewendung
etwas an den Tag legen	94	A7	redewendung
eine Mathearbeit versauen	94	A7	redewendung
jemanden im Unterricht unterfordern	94	A7	redewendung
jemandem etwas verschwörerisch anvertrauen	94	A7	redewendung
um jeden Preis	94	A7	redewendung
eine Illusion aufrechterhalten	94	A7	redewendung
sich als etwas entpuppen	94	A7	redewendung
eine faule Socke sein	94	A7	redewendung
scharf auf etwas sein	94	A7	redewendung
Da kann Einstein einpacken.	94	A7	satz
an etwas besteht kein Zweifel	95	A8	redewendung
sich durch breit gefächerte Fähigkeiten auszeichnen	96	A9	redewendung
einen starken Einfluss auf etwas haben	96	A9	redewendung
auf wesentliche Bereiche fokussiert werden	96	A9	redewendung
sich Gedanken über etwas machen	96	A10	redewendung
hohes Detailwissen aufweisen	96	A10	redewendung
sich im Schulsystem zurechtfinden	96	A10	redewendung
durch negatives Verhalten auffallen	96	A10	redewendung
als lernbehindert eingestuft werden	96	A10	redewendung
Gleichaltrigen weit voraus sein	96	A10	redewendung
zur sozialen Isolierung führen	96	A10	redewendung
sich von Altersgenossen absondern	96	A10	redewendung
sich durch körperliche Symptome äußern	96	A10	redewendung
sich den Normen anpassen	96	A10	redewendung
das Image eines Strebers bekommen	96	A10	redewendung
aus Berichten hervorgehen	96	A10	redewendung
nur schwer abzuschätzen sein	97	A11	redewendung
Klischees sitzen tief in vielen Köpfen.	97	A11	satz
in Gedanken versunken sein	97	A11	redewendung
Gedankensprünge nachvollziehen	97	A11	redewendung
Probleme im Umgang mit Gleichaltrigen haben	97	A11	redewendung
über ein ausgeprägtes Moral- und Verantwortungsbewusstsein verfügen	97	A11	redewendung
sich beruflich neu orientieren	99	A9	redewendung
die Uni schmeißen	99	A10	redewendung
jemandem gerade recht kommen	99	A10	redewendung
den Karriereturbo anwerfen	99	A10	redewendung
in kürzester Zeit eine Prüfung ablegen	99	A10	redewendung
im Schnellverfahren zur Führungskraft werden	99	A10	redewendung
händeringend Nachwuchs suchen	99	A10	redewendung
weitgehend unbeachtet bleiben	99	A10	redewendung
auf Interesse stoßen	99	A10	redewendung
jemandem eine Karrieremöglichkeit bieten	99	A10	redewendung
den Hörsaal gegen die Werkbank tauschen	99	A10	redewendung
den Meisterbrief in der Tasche haben	99	A10	redewendung
ein maßgeschneiderter Lehrgang	99	A10	redewendung
Zusammenhänge schnell begreifen	99	A10	redewendung
einen engen Stundenplan haben	99	A10	redewendung
sich auf ein Pilotprojekt einlassen	99	A10	redewendung
bundesweit Schule machen	99	A10	redewendung
das Studium hinschmeißen	101	A12	redewendung
ein Ende ist nicht in Sicht	101	A12	redewendung
jemanden zu einem Karrieresprung überreden	101	A12	redewendung
anhand der Grafik deutlich erkennen, dass	102	A13	redewendung
der Grafik entnehmen, dass	102	A13	redewendung
aus der Statistik geht hervor, dass	102	A13	redewendung
der Umfrage zufolge	102	A13	redewendung
an der Spitze stehen	102	A13	redewendung
die weiteren Plätze belegen	102	A13	redewendung
das Schlusslicht bilden	102	A13	redewendung
am Ende der Skala liegen	102	A13	redewendung
das größte Vertrauen genießen	102	A13	redewendung
den Grund für ein Ergebnis in etwas sehen	102	A13	redewendung
aus einem Ergebnis Konsequenzen ziehen	102	A13	redewendung
hohes Ansehen genießen	103	A13	redewendung
jemandem besonders viel Vertrauen schenken	103	A13	redewendung
sich eines guten Rufes erfreuen	103	A13	redewendung
eine große Verantwortung für etwas tragen	103	A13	redewendung
sich am Ende der Beliebtheitsskala wiederfinden	103	A13	redewendung
sich mit etwas zufrieden zeigen	103	A13	redewendung
einen zweiten Frühling erleben	106	B2	redewendung
dem Lebensstandard der Industrienationen nacheifern	106	B2	redewendung
eine Marktlücke erkennen	106	B2	redewendung
jeden Handgriff aufnehmen	106	B2	redewendung
dem Markt einen Schritt voraus sein	106	B2	redewendung
sich mit Gelegenheitsjobs über Wasser halten	106	B2	redewendung
jemandem den Rang ablaufen	107	B2	redewendung
eine weiße Weste haben	110	C3	redewendung
zu unsauberen Tricks greifen	110	C3	redewendung
die Palette der Vergehen reicht von ... bis ...	110	C3	redewendung
unter Stress und Leistungsdruck stehen	110	C3	redewendung
unter den Dozierenden herrscht Einigkeit	110	C3	redewendung
den Grundstein für etwas legen	110	C4	redewendung
sich eines ständigen Zulaufs erfreuen	111	C4	redewendung
aus Fehlern einen gewaltigen Nutzen ziehen	112	C6	redewendung
für die Wertschätzung des Fehlermachens plädieren	112	C6	redewendung
jemandem dämmert etwas	112	C6	redewendung
nicht ins Schema passen	112	C6	redewendung
etwas aus verschiedenen Blickwinkeln beleuchten	113	C6	redewendung
etwas in den Vordergrund stellen	113	C6	redewendung
man lernt nie aus	113	C7	redewendung
den Bund der Ehe schließen	113	C7	redewendung
auf eine gescheiterte Ehe zurückblicken	113	C7	redewendung
jemandem am Herzen liegen	113	C7	redewendung
Früchte tragen	114	C9	redewendung
gezielte Anstrengungen unternehmen	114	C9	redewendung
vergleichsweise gut wegkommen	114	C9	redewendung
