sich leicht mit etwas tun	146	A3	redewendung
Spitzenleistungen erbringen	146	A3	redewendung
eine Sicht bestreiten	146	A3	redewendung
die Rolle der Gene für maßlos überbewertet halten	146	A3	redewendung
auf jemanden zurückgehen	146	A3	redewendung
eine Theorie zur Vererbung geistiger Anlagen entwickeln	146	A3	redewendung
eine Theorie mit Hunderten Fallstudien belegen	146	A3	redewendung
sich quer durch die Familiengeschichte ziehen	146	A3	redewendung
der nüchterne Blick ergibt ein anderes Bild	146	A3	redewendung
keine Anzeichen einer Hochbegabung finden	146	A3	redewendung
bislang fehlt der Beweis	146	A3	redewendung
über den Lebenserfolg entscheiden	146	A3	redewendung
mittelmäßig abschneiden	146	A3	redewendung
einen großen Beitrag zum Erfolg leisten	146	A3	redewendung
bei näherem Hinsehen	146	A3	redewendung
es mit wenig Übung an die Spitze bringen	146	A3	redewendung
in die Weltklasse vorstoßen	146	A3	redewendung
keine Ausnahme bilden	146	A3	redewendung
als Schlüssel zum Erfolg dienen	146	A3	redewendung
ein stimulierendes Umfeld	146	A3	redewendung
Scheitern als Chance begreifen	146	A3	redewendung
reine Glückssache sein	146	A3	redewendung
genetisch vorbestimmt sein	149	A6	redewendung
Probleme in der spezifischen Umwelt meistern	149	A6	redewendung
immer mehr Beachtung finden	149	A6	redewendung
in der Lage sein zu erkennen, was jemand im Schilde führt	149	A6	redewendung
Situationen vorab im Kopf durchspielen	149	A6	redewendung
seelenruhig zu seinem Snack spazieren	149	A6	redewendung
über eine große soziale Intelligenz verfügen	149	A6	redewendung
einfache neuronale Netzwerke reichen aus	149	A6	redewendung
jemandem eine ökologische und soziale Intelligenz zugestehen	149	A6	redewendung
ausgeklügelte Formen der Brutpflege betreiben	149	A6	redewendung
Neuesten Untersuchungen zufolge	150	A8	redewendung
Laut neuen Erkenntnissen	150	A8	redewendung
Anhand von Experimenten konnte bewiesen werden, dass	150	A8	redewendung
Es ist seit Langem bekannt, dass	150	A8	redewendung
jemandem wird nach und nach klar, dass	151	A11	redewendung
sich etwas nur mit einem göttlichen Auftrag erklären	151	A11	redewendung
ein wunderlicher Kauz	151	A11	redewendung
an etwas scheitern	151	A11	redewendung
jemandem als Kompass dienen	151	A11	redewendung
sich in einer veränderten Welt orientieren	151	A11	redewendung
Feuer fangen	151	A12	redewendung
Gleich und Gleich gesellt sich gern.	151	A12	satz
ein treibender und immens wichtiger Faktor	151	A12	redewendung
jemanden blitzschnell nach etwas abscannen	151	A12	redewendung
mit etwas übereinstimmen	151	A12	redewendung
dieselben Wertvorstellungen vertreten	151	A12	redewendung
mit steigender Tendenz	151	A12	redewendung
die Bereitschaft scheint zu steigen	151	A12	redewendung
dem Glück auf die Sprünge helfen	151	A12	redewendung
einsame Herzen	151	A12	redewendung
jemandem die Aufnahme in ein Single-Sammelalbum anbieten	151	A12	redewendung
jemanden nach Gefühl verkuppeln	151	A12	redewendung
zu einer festen Beziehung führen	151	A12	redewendung
eine beachtliche Quote	151	A12	redewendung
eine Suchanzeige aufgeben	151	A12	redewendung
jemanden zum Lächeln bringen	151	A12	redewendung
Liebe auf den ersten Blick	152	A12	redewendung
jemandem selbst widerfahren	152	A12	redewendung
sich Hals über Kopf vergucken	152	A12	redewendung
für visuelle Reize empfänglich sein	152	A12	redewendung
länger abwägen	152	A12	redewendung
das Gegenteil tritt häufig ein	152	A12	redewendung
jemanden anfangs nicht anziehend finden	152	A12	redewendung
immer wieder mit Reizen konfrontiert werden	152	A12	redewendung
sich zum Ohrwurm entwickeln	152	A12	redewendung
falls der Zeitpunkt passt	152	A12	redewendung
etwas nicht auf die wahren Ursachen zurückführen	152	A12	redewendung
etwas auf jemanden übertragen	152	A12	redewendung
Adrenalin braust durch den Körper	152	A12	redewendung
psychisch bereit sein, jemanden an sich heranzulassen	152	A12	redewendung
aus vertrauten Zusammenhängen herausgerissen werden	152	A12	redewendung
sich neu orientieren müssen	152	A12	redewendung
sich besser gegen Krankheiten wehren können	152	A12	redewendung
das Vertrauen in den anderen erhöhen	152	A12	redewendung
die Bindung stärken	152	A12	redewendung
Gehirnareale sind stillgelegt	152	A12	redewendung
andere kritisch beurteilen	152	A12	redewendung
nicht für einen fortwährenden Liebesrausch gemacht sein	152	A12	redewendung
das Schmetterlingsgefühl versickert	152	A12	redewendung
an die Stelle der Verliebtheit treten	152	A12	redewendung
für den Rest des Lebens halten	152	A12	redewendung
sich vorbehaltlos verlieben	154	A13	redewendung
entscheidende Lebensfragen	154	A14	redewendung
jemanden online abschießen	154	A14	redewendung
etwas ist schiefgegangen	154	A14	redewendung
ein eigenartiges Licht auf etwas werfen	154	A14	redewendung
ein launiger Abschiedssermon	154	A14	redewendung
auf Wunsch	154	A14	redewendung
eine Neuigkeit verkünden	154	A14	redewendung
Zugriff auf alle Kontakte verlangen	154	A14	redewendung
fatale Folgen haben	154	A14	redewendung
nichts mehr mit jemandem zu tun haben wollen	154	A14	redewendung
es nur auf das Geld des anderen abgesehen haben	155	A14	redewendung
sich mit jemandem schmücken	155	A14	redewendung
sich himmelhoch jauchzend fühlen	155	A15	redewendung
zu Tode betrübt sein	155	A15	redewendung
nicht zu kurz kommen	156	A16	redewendung
einen hohen Stellenwert einnehmen	156	A16	redewendung
Aufschluss darüber geben, welche Prioritäten jemand setzen würde	156	A16	redewendung
nicht zu beneiden sein	157	A19	redewendung
etwas in Reichweite wähnen	157	A20	redewendung
über die Immobilien-Lyrik der Anbieter stolpern	157	A20	redewendung
von etwas ist die Rede	157	A20	redewendung
es kommt weniger auf etwas an	157	A20	redewendung
sich vor Lachen kugeln	157	A20	redewendung
auf etwas hereinfallen	157	A20	redewendung
eine bittere Erfahrung machen	157	A20	redewendung
etwas kommt ans Licht	157	A20	redewendung
zu Lasten des Käufers gehen	157	A20	redewendung
sich über die eigenen Bedürfnisse klar werden	157	A20	redewendung
unter der Hand weggehen	157	A20	redewendung
mit Vorsicht zu genießen sein	157	A20	redewendung
von Straßen keine Rede	157	A20	redewendung
auf den Stil seiner Behausung Wert legen	157	A20	redewendung
den Verdacht auf etwas aufkommen lassen	157	A20	redewendung
die Alarmglocken schrillen	157	A20	redewendung
jemanden als führende Wirtschaftsmacht ablösen	161	A25	redewendung
nach englischem Vorbild umgestalten	161	A25	redewendung
die Leitung einer Schule übernehmen	161	A25	redewendung
die Stellung auf dem europäischen Markt zur Geltung bringen	161	A25	redewendung
aus kulturtheoretischen Überlegungen heraus	161	A25	redewendung
eine einheitliche deutsche Stilsprache	161	A25	redewendung
die gesamte Produktpalette entwerfen	161	A25	redewendung
eine Gegenbewegung formiert sich	161	A25	redewendung
innerhalb kürzester Zeit eine Kunstschule ins Leben rufen	161	A25	redewendung
etwas zum Handwerk zurückführen	161	A25	redewendung
keinen Wesensunterschied zwischen zwei Dingen sehen	161	A25	redewendung
eine Anlehnung an etwas	161	A25	redewendung
jemanden mit der Beschaffenheit von Materialien vertraut machen	161	A25	redewendung
Handwerk und künstlerische Gestaltung direkt mit der Praxis verbinden	161	A25	redewendung
in die industrielle Massenproduktion gehen	161	A25	redewendung
sich komplett der Funktionalität unterordnen	161	A25	redewendung
das Herzstück der Ausbildung	161	A25	redewendung
unter Federführung von Bauhaus-Architekten	161	A25	redewendung
auf Gegenliebe stoßen	161	A25	redewendung
die Geister scheiden sich an etwas	161	A25	redewendung
jemandem ein Dorn im Auge sein	161	A25	redewendung
enorm viel Geld verschlingen	163	A27	redewendung
sich zu etwas durchringen	163	A27	redewendung
den sozialen Erfordernissen gerecht werden	163	A27	redewendung
ein Stück Geschichte und Identität verlieren	163	A27	redewendung
etwas unter Denkmalschutz stellen	163	A27	redewendung
zwei Vorteile mit sich bringen	164	B1	redewendung
die Merkspanne erweitern	164	B1	redewendung
Informationen im Arbeitsspeicher unterbringen	164	B1	redewendung
unterschiedliche Standpunkte abwägen	164	B2	redewendung
jemanden zum Üben anhalten	164	B2	redewendung
jemandem die Kindheit nehmen	164	B2	redewendung
jemanden dazu drängen, etwas zu tun	164	B2	redewendung
eine deutlich erkennbare Gliederung vorweisen	164	B2	redewendung
Zitate unterschiedlich gewichten	164	B2	redewendung
sich um einen adäquaten Wortschatz bemühen	164	B2	redewendung
variationsreiche Satzverknüpfungen verwenden	164	B2	redewendung
sich mit einer Frage auseinandersetzen	165	B2	redewendung
sich einer Frage zuwenden	165	B2	redewendung
einen Aspekt nachtragen	165	B2	redewendung
die logische Schlussfolgerung ist, dass ...	165	B2	redewendung
ungeachtet dessen	165	B2	redewendung
nichtsdestotrotz	165	B2	redewendung
für jemanden ist etwas ausschlaggebend	165	B2	redewendung
hervorzuheben ist noch ein weiterer Gesichtspunkt	165	B2	redewendung
eine Ansicht nicht teilen	165	B2	redewendung
etwas als Gegenargument anführen	165	B2	redewendung
von großer Bedeutung sein	165	B2	redewendung
in der Öffentlichkeit herrscht die Meinung, dass	165	B2	redewendung
einen Begriff klar definieren	165	B2	redewendung
sich mit einem Zitat identifizieren	165	B2	redewendung
eine Aussage anhand von Beispielen untermauern	165	B2	redewendung
Vorschläge unterbreiten	165	B2	redewendung
nichts Weltbewegendes sein	169	C5	redewendung
deutlich aus dem Rahmen fallen	169	C5	redewendung
die Polizei einschalten	169	C5	redewendung
das Naheliegende tun	169	C5	redewendung
aus einem Raubzug stammen	169	C5	redewendung
einen Eigentümer ermitteln	169	C5	redewendung
an die Öffentlichkeit gehen	169	C5	redewendung
in der Hoffnung, dass	169	C5	redewendung
Anspruch auf etwas erheben	169	C5	redewendung
Trittbrettfahrer aussortieren	169	C5	redewendung
rechtmäßig an Geld und Gold kommen	169	C5	redewendung
Geld mit vollen Händen ausgeben	170	C7	redewendung
pleite sein	170	C7	redewendung
jemanden auf etwas ansprechen	170	C7	redewendung
wegen guter Führung vorzeitig aus dem Gefängnis entlassen werden	170	C7	redewendung
jemandem zu Ohren kommen	170	C7	redewendung
sich mit Geld aus dem Staub machen	170	C7	redewendung
