gemessen am Bruttoinlandsprodukt pro Kopf	199	A1	redewendung
weltweit auf einem Platz rangieren	199	A1	redewendung
der Sage nach	199	A1	redewendung
Einfluss auf die Politik nehmen	200	A2	redewendung
auf Gemeindeebene	200	A2	redewendung
über das Haushaltsbudget abstimmen	200	A2	redewendung
sich unter freiem Himmel treffen	200	A2	redewendung
sich mit einer Wahlkarte ausweisen	200	A2	redewendung
zur Entscheidung stehen	200	A2	redewendung
zwingend einer Volksabstimmung unterstehen	200	A2	redewendung
dem fakultativen Referendum unterliegen	200	A2	redewendung
eine Volksabstimmung verlangen	200	A2	redewendung
zur Abstimmung schreiten	200	A2	redewendung
zum Zeichen der Stimmberechtigung	200	A2	redewendung
jemandem als Vorbild dienen	201	A3	redewendung
eine Entscheidung durch eine Volksabstimmung legitimieren	201	A3	redewendung
zu großen Einfluss auf die Bevölkerung gewinnen	201	A3	redewendung
politisch notwendige Maßnahmen verhindern	201	A3	redewendung
auf die Argumente des Gesprächspartners eingehen	201	A3	redewendung
organisatorische und medienspezifische Maßnahmen erfordern	201	A4	redewendung
sich auf sachlich eingegrenzte Probleme beschränken	201	A4	redewendung
jemandem die Politik überlassen	201	A4	redewendung
alle Bevölkerungsgruppen umfassen	201	A4	redewendung
sich als Sprachrohr der Informationsgesellschaft verstehen	201	A4	redewendung
den Alltag durchdringen	202	A5	redewendung
auf eine Bürgerinitiative zurückgehen	202	A5	redewendung
von der Politik nicht im geeigneten Umfang aufgegriffen werden	202	A5	redewendung
der eigenen Haltung eine Stimme geben	202	A5	redewendung
Gleichgesinnte suchen	202	A5	redewendung
bei anderen auf Interesse stoßen	202	A5	redewendung
über eine einmalige Aktion hinausdenken	202	A5	redewendung
ein breites Spektrum an Themen und Meinungen einfangen	202	A5	redewendung
politische Macht erlangen	202	A5	redewendung
Grundsatzprogramme verfassen	202	A5	redewendung
Kandidaten aufstellen	202	A5	redewendung
sich zur Wahl stellen	202	A5	redewendung
Regierungsverantwortung übernehmen	202	A5	redewendung
an einer Kampagne mitwirken	202	A6	redewendung
Bilanz ziehen	202	A6	redewendung
reale Probleme aufzeigen	202	A6	redewendung
sich gegen ein Projekt richten	202	A6	redewendung
negative Auswirkungen auf etwas haben	202	A6	redewendung
mehr Beachtung finden müssen	203	A7	redewendung
die Erfordernisse des Gemeinschaftslebens mit individuellen Wünschen in Einklang bringen	204	A9	redewendung
unter dem Vorwand, jemanden schützen zu wollen	204	A9	redewendung
ein lukrativer Aufsichtsratsposten	205	A10	redewendung
einen Bauauftrag öffentlich ausschreiben	205	A10	redewendung
einen freundlichen Artikel über etwas schreiben	205	A10	redewendung
etwas ist kein Kavaliersdelikt	206	A11	redewendung
im Gegenzug etwas verordnen	206	A11	redewendung
letztlich uns allen schaden	206	A11	redewendung
in grauer Vorzeit	206	A11	redewendung
zwei miteinander verwobene Systeme	206	A11	redewendung
auf festgeschriebenen Regeln basieren	206	A11	redewendung
durch den Austausch von Gefälligkeiten belebt werden	206	A11	redewendung
sich den Gehorsam durch Zuwendungen erkaufen	206	A11	redewendung
sich der Bekämpfung von Korruption widmen	206	A11	redewendung
anvertraute Macht zum eigenen Vorteil missbrauchen	206	A11	redewendung
Schmiergeld zahlen oder kassieren	206	A11	redewendung
langfristige Abhängigkeiten bilden	206	A11	redewendung
irgendwo seinen Nährboden finden	206	A11	redewendung
im Schutz der Heimlichkeit	206	A11	redewendung
jemandem eine Gefälligkeit erweisen	206	A11	redewendung
zu Lasten der Allgemeinheit gehen	206	A11	redewendung
seine Umsätze steigern	206	A11	redewendung
etwas steuerlich als Werbungskosten absetzen	206	A11	redewendung
Leistungen bezahlen, die nie erbracht wurden	206	A11	redewendung
in die Milliarden gehen	206	A11	redewendung
für reichhaltiges Anschauungsmaterial sorgen	206	A11	redewendung
sich nicht gerade mit Ruhm bekleckern	207	A12	redewendung
sich einen Platz teilen	207	A12	redewendung
eine größere Anzeigenbereitschaft	207	A12	redewendung
zu mehr Ermittlungsverfahren führen	207	A12	redewendung
jemanden auf seine Seite ziehen	207	A13	redewendung
etwas ans Licht bringen	207	A13	redewendung
in beträchtlichem Umfang	209	A15	redewendung
finanzielle Einbußen hinnehmen	209	A15	redewendung
für Bestechung empfänglich sein	209	A15	redewendung
eine persönliche Beziehung meiden	209	A16	redewendung
jemanden politisch absägen	209	A16	redewendung
einen offiziellen Charakter tragen	210	A19	redewendung
sich mit juristischen Schreiben auskennen	210	A19	redewendung
mit einer offiziellen Entscheidung nicht einverstanden sein	210	A20	redewendung
die Qualitäten eines Verstorbenen würdigen	210	A20	redewendung
die Annahme eines Auftrags bestätigen	210	A20	redewendung
den Ablauf einer Sitzung festhalten	210	A20	redewendung
bei einem Todesfall Beileid bekunden	210	A20	redewendung
zur Beendigung eines Vertrags	210	A20	redewendung
zwecks Archivierung	211	A21	redewendung
mangels eigener Kontakte	211	A21	redewendung
zeit seines Berufslebens	211	A21	redewendung
ohne dass es einer Kündigung bedarf	211	A21	redewendung
angesichts der prompten Ausführung	211	A21	redewendung
der Frist entsprechend	211	A21	redewendung
entgegen den vereinbarten Qualitätsmerkmalen	211	A21	redewendung
bezüglich der genannten Stückzahlen	211	A21	redewendung
binnen 14 Tagen	211	A21	redewendung
laut Vertrag	211	A21	redewendung
einer Forderung widersprechen	211	A21	redewendung
zufolge bisheriger Verlautbarungen	211	A21	redewendung
vonseiten der Rechtsabteilung	211	A21	redewendung
kalte Füße bekommen	214	B1	redewendung
jemandem die Bude einrennen	214	B1	redewendung
eine Selbstanzeige vorbereiten	214	B1	redewendung
seinen Betrug beichten	214	B1	redewendung
jemandem Kopfzerbrechen bereiten	214	B1	redewendung
eine Kosten-Nutzen-Rechnung anstellen	214	B1	redewendung
die drohende Strafe gegen die mögliche Ersparnis abwägen	214	B1	redewendung
Geld über die Grenze retten	214	B1	redewendung
zwei entscheidende Überlegungen anstellen	214	B1	redewendung
eine niedrige Wahrscheinlichkeit zu hoch bewerten	214	B1	redewendung
einen inneren Richter ins Spiel bringen	214	B1	redewendung
zwischen erzwungener und freiwilliger Steuerehrlichkeit unterscheiden	214	B1	redewendung
seine Steuern zähneknirschend zahlen	214	B1	redewendung
anvertrautes Geld effektiv einsetzen	214	B1	redewendung
Steuern eintreiben	214	B1	redewendung
das Vertrauen der Bürger stärken	215	B1	redewendung
jemandem eine hohe Steuermoral attestieren	215	B1	redewendung
im Mittelfeld rangieren	215	B1	redewendung
wie es um etwas bestellt ist	215	B1	redewendung
Zweifel hegen	215	B1	redewendung
alle Hände voll zu tun haben	215	B2	redewendung
in Erscheinung treten	215	B2	redewendung
die Geschäfte abwickeln	215	B2	redewendung
unternehmerisches Denken und Handeln ist gefragt	215	B2	redewendung
etwas an Land ziehen	215	B2	redewendung
jemandem etwas schonend beibringen	215	B2	redewendung
ein offenes Ohr für jemanden haben	215	B2	redewendung
jemandem zu bedenken geben, dass ...	215	B2	redewendung
arbeitsrechtlich den Kürzeren ziehen	215	B2	redewendung
ohne schuldhaftes Zögern	215	B2	redewendung
wegen Insolvenzverschleppung belangt werden	215	B2	redewendung
von einer Regelung unberührt bleiben	215	B2	redewendung
ein Arbeitsverhältnis besteht fort	215	B2	redewendung
eine Kündigung aussprechen	215	B2	redewendung
eine Forderung schriftlich anmelden	215	B2	redewendung
nicht niet- und nagelfest sein	216	B2	redewendung
Vermögensgüter veräußern	216	B2	redewendung
einen Sozialplan aushandeln	216	B2	redewendung
von etwas Gebrauch machen	216	B2	redewendung
einen Anspruch auf vollständige Zahlung haben	216	B2	redewendung
innerhalb einer Frist einen Antrag stellen	216	B2	redewendung
im europäischen Mittelfeld liegen	217	C1	redewendung
jemandem haftet ein spießig-muffiges Image an	217	C1	redewendung
ein Ort bürgerschaftlichen Engagements	217	C1	redewendung
auf eine lange Tradition zurückgehen	217	C1	redewendung
eine untergeordnete Rolle spielen	218	C2	redewendung
Kritik üben	218	C2	redewendung
Pläne konsequent durchsetzen	218	C2	redewendung
sich an veränderte Bedingungen anpassen	220	C4	redewendung
sich an gängigen Qualitätsstandards orientieren	220	C4	redewendung
sich auf die nächste Ausschreibung konzentrieren	220	C4	redewendung
sich auf das eigene Aufgabenfeld beschränken	220	C4	redewendung
eine Kündigung geht nicht reibungslos vonstatten	223	C8	redewendung
sich langfristig an einen Vertrag binden	223	C8	redewendung
auf einem abgeschlossenen Vertrag sitzen bleiben	223	C8	redewendung
eine gesetzlich vorgeschriebene Mitwirkungspflicht verletzen	223	C8	redewendung
der Sicherheit halber	223	C8	redewendung
